dataset,level,alpha,stat,cond,n,floor,k_min,pct_min,excess
antiviral,alpha,0.05,R12,m1,15,14.6852,6.0,40.0,25.3148
antiviral,alpha,0.05,R12,m1,30,14.6852,9.0,30.0,15.3148
antiviral,alpha,0.05,R12,m1,50,14.6852,13.0,26.0,11.3148
antiviral,alpha,0.05,R12,m1,100,14.6852,22.0,22.0,7.3148
antiviral,alpha,0.05,R12,m1,200,14.6852,39.0,19.5,4.8148
antiviral,alpha,0.05,R12,m1,500,14.6852,88.0,17.6,2.9148
antiviral,alpha,0.05,R23,m2,15,11.6788,5.0,33.3333,21.6545
antiviral,alpha,0.05,R23,m2,30,11.6788,8.0,26.6667,14.9879
antiviral,alpha,0.05,R23,m2,50,11.6788,11.0,22.0,10.3212
antiviral,alpha,0.05,R23,m2,100,11.6788,18.0,18.0,6.3212
antiviral,alpha,0.05,R23,m2,200,11.6788,32.0,16.0,4.3212
antiviral,alpha,0.05,R23,m2,500,11.6788,71.0,14.2,2.5212
antiviral,alpha,0.05,hit1,n,15,24.1192,7.0,46.6667,22.5475
antiviral,alpha,0.05,hit1,n,30,24.1192,12.0,40.0,15.8808
antiviral,alpha,0.05,hit1,n,50,24.1192,18.0,36.0,11.8808
antiviral,alpha,0.05,hit1,n,100,24.1192,32.0,32.0,7.8808
antiviral,alpha,0.05,hit1,n,200,24.1192,59.0,29.5,5.3808
antiviral,alpha,0.05,hit1,n,500,24.1192,137.0,27.4,3.2808
antiviral,alpha,0.05,hit3,n,15,0.3307,1.0,6.6667,6.3359
antiviral,alpha,0.05,hit3,n,30,0.3307,2.0,6.6667,6.3359
antiviral,alpha,0.05,hit3,n,50,0.3307,2.0,4.0,3.6693
antiviral,alpha,0.05,hit3,n,100,0.3307,2.0,2.0,1.6693
antiviral,alpha,0.05,hit3,n,200,0.3307,3.0,1.5,1.1693
antiviral,alpha,0.05,hit3,n,500,0.3307,5.0,1.0,0.6693
aqsoldb,alpha,0.05,R12,m1,15,12.1395,5.0,33.3333,21.1939
aqsoldb,alpha,0.05,R12,m1,30,12.1395,8.0,26.6667,14.5272
aqsoldb,alpha,0.05,R12,m1,50,12.1395,11.0,22.0,9.8605
aqsoldb,alpha,0.05,R12,m1,100,12.1395,19.0,19.0,6.8605
aqsoldb,alpha,0.05,R12,m1,200,12.1395,33.0,16.5,4.3605
aqsoldb,alpha,0.05,R12,m1,500,12.1395,74.0,14.8,2.6605
aqsoldb,alpha,0.05,R23,m2,15,11.0349,5.0,33.3333,22.2984
aqsoldb,alpha,0.05,R23,m2,30,11.0349,7.0,23.3333,12.2984
aqsoldb,alpha,0.05,R23,m2,50,11.0349,10.0,20.0,8.9651
aqsoldb,alpha,0.05,R23,m2,100,11.0349,17.0,17.0,5.9651
aqsoldb,alpha,0.05,R23,m2,200,11.0349,31.0,15.5,4.4651
aqsoldb,alpha,0.05,R23,m2,500,11.0349,68.0,13.6,2.5651
aqsoldb,alpha,0.05,hit1,n,15,10.1911,5.0,33.3333,23.1422
aqsoldb,alpha,0.05,hit1,n,30,10.1911,7.0,23.3333,13.1422
aqsoldb,alpha,0.05,hit1,n,50,10.1911,10.0,20.0,9.8089
aqsoldb,alpha,0.05,hit1,n,100,10.1911,16.0,16.0,5.8089
aqsoldb,alpha,0.05,hit1,n,200,10.1911,29.0,14.5,4.3089
aqsoldb,alpha,0.05,hit1,n,500,10.1911,63.0,12.6,2.4089
aqsoldb,alpha,0.05,hit3,n,15,0.1107,1.0,6.6667,6.556
aqsoldb,alpha,0.05,hit3,n,30,0.1107,1.0,3.3333,3.2226
aqsoldb,alpha,0.05,hit3,n,50,0.1107,2.0,4.0,3.8893
aqsoldb,alpha,0.05,hit3,n,100,0.1107,2.0,2.0,1.8893
aqsoldb,alpha,0.05,hit3,n,200,0.1107,2.0,1.0,0.8893
aqsoldb,alpha,0.05,hit3,n,500,0.1107,3.0,0.6,0.4893
bace,alpha,0.05,R12,m1,15,12.5964,5.0,33.3333,20.737
bace,alpha,0.05,R12,m1,30,12.5964,8.0,26.6667,14.0703
bace,alpha,0.05,R12,m1,50,12.5964,11.0,22.0,9.4036
bace,alpha,0.05,R12,m1,100,12.5964,19.0,19.0,6.4036
bace,alpha,0.05,R12,m1,200,12.5964,34.0,17.0,4.4036
bace,alpha,0.05,R12,m1,500,12.5964,76.0,15.2,2.6036
bace,alpha,0.05,R23,m2,15,24.3777,8.0,53.3333,28.9556
bace,alpha,0.05,R23,m2,30,24.3777,12.0,40.0,15.6223
bace,alpha,0.05,R23,m2,50,24.3777,18.0,36.0,11.6223
bace,alpha,0.05,R23,m2,100,24.3777,33.0,33.0,8.6223
bace,alpha,0.05,R23,m2,200,24.3777,60.0,30.0,5.6223
bace,alpha,0.05,R23,m2,500,24.3777,139.0,27.8,3.4223
bace,alpha,0.05,hit1,n,15,21.0161,7.0,46.6667,25.6506
bace,alpha,0.05,hit1,n,30,21.0161,11.0,36.6667,15.6506
bace,alpha,0.05,hit1,n,50,21.0161,16.0,32.0,10.9839
bace,alpha,0.05,hit1,n,100,21.0161,29.0,29.0,7.9839
bace,alpha,0.05,hit1,n,200,21.0161,53.0,26.5,5.4839
bace,alpha,0.05,hit1,n,500,21.0161,121.0,24.2,3.1839
bace,alpha,0.05,hit3,n,15,0.4172,2.0,13.3333,12.9161
bace,alpha,0.05,hit3,n,30,0.4172,2.0,6.6667,6.2494
bace,alpha,0.05,hit3,n,50,0.4172,2.0,4.0,3.5828
bace,alpha,0.05,hit3,n,100,0.4172,3.0,3.0,2.5828
bace,alpha,0.05,hit3,n,200,0.4172,4.0,2.0,1.5828
bace,alpha,0.05,hit3,n,500,0.4172,6.0,1.2,0.7828
boilingpoint,alpha,0.05,R12,m1,15,12.7368,5.0,33.3333,20.5965
boilingpoint,alpha,0.05,R12,m1,30,12.7368,8.0,26.6667,13.9298
boilingpoint,alpha,0.05,R12,m1,50,12.7368,11.0,22.0,9.2632
boilingpoint,alpha,0.05,R12,m1,100,12.7368,19.0,19.0,6.2632
boilingpoint,alpha,0.05,R12,m1,200,12.7368,34.0,17.0,4.2632
boilingpoint,alpha,0.05,R12,m1,500,12.7368,77.0,15.4,2.6632
boilingpoint,alpha,0.05,R23,m2,15,18.75,6.0,40.0,21.25
boilingpoint,alpha,0.05,R23,m2,30,18.75,10.0,33.3333,14.5833
boilingpoint,alpha,0.05,R23,m2,50,18.75,15.0,30.0,11.25
boilingpoint,alpha,0.05,R23,m2,100,18.75,26.0,26.0,7.25
boilingpoint,alpha,0.05,R23,m2,200,18.75,48.0,24.0,5.25
boilingpoint,alpha,0.05,R23,m2,500,18.75,109.0,21.8,3.05
boilingpoint,alpha,0.05,hit1,n,15,18.2927,6.0,40.0,21.7073
boilingpoint,alpha,0.05,hit1,n,30,18.2927,10.0,33.3333,15.0407
boilingpoint,alpha,0.05,hit1,n,50,18.2927,15.0,30.0,11.7073
boilingpoint,alpha,0.05,hit1,n,100,18.2927,26.0,26.0,7.7073
boilingpoint,alpha,0.05,hit1,n,200,18.2927,47.0,23.5,5.2073
boilingpoint,alpha,0.05,hit1,n,500,18.2927,107.0,21.4,3.1073
boilingpoint,alpha,0.05,hit3,n,15,0.3659,2.0,13.3333,12.9675
boilingpoint,alpha,0.05,hit3,n,30,0.3659,2.0,6.6667,6.3008
boilingpoint,alpha,0.05,hit3,n,50,0.3659,2.0,4.0,3.6341
boilingpoint,alpha,0.05,hit3,n,100,0.3659,3.0,3.0,2.6341
boilingpoint,alpha,0.05,hit3,n,200,0.3659,3.0,1.5,1.1341
boilingpoint,alpha,0.05,hit3,n,500,0.3659,5.0,1.0,0.6341
caco2,alpha,0.05,R12,m1,15,15.0798,6.0,40.0,24.9202
caco2,alpha,0.05,R12,m1,30,15.0798,9.0,30.0,14.9202
caco2,alpha,0.05,R12,m1,50,15.0798,13.0,26.0,10.9202
caco2,alpha,0.05,R12,m1,100,15.0798,22.0,22.0,6.9202
caco2,alpha,0.05,R12,m1,200,15.0798,40.0,20.0,4.9202
caco2,alpha,0.05,R12,m1,500,15.0798,90.0,18.0,2.9202
caco2,alpha,0.05,R23,m2,15,17.4,6.0,40.0,22.6
caco2,alpha,0.05,R23,m2,30,17.4,10.0,33.3333,15.9333
caco2,alpha,0.05,R23,m2,50,17.4,14.0,28.0,10.6
caco2,alpha,0.05,R23,m2,100,17.4,25.0,25.0,7.6
caco2,alpha,0.05,R23,m2,200,17.4,45.0,22.5,5.1
caco2,alpha,0.05,R23,m2,500,17.4,102.0,20.4,3.0
caco2,alpha,0.05,hit1,n,15,35.3807,9.0,60.0,24.6193
caco2,alpha,0.05,hit1,n,30,35.3807,16.0,53.3333,17.9527
caco2,alpha,0.05,hit1,n,50,35.3807,24.0,48.0,12.6193
caco2,alpha,0.05,hit1,n,100,35.3807,44.0,44.0,8.6193
caco2,alpha,0.05,hit1,n,200,35.3807,83.0,41.5,6.1193
caco2,alpha,0.05,hit1,n,500,35.3807,196.0,39.2,3.8193
caco2,alpha,0.05,hit3,n,15,0.5495,2.0,13.3333,12.7839
caco2,alpha,0.05,hit3,n,30,0.5495,2.0,6.6667,6.1172
caco2,alpha,0.05,hit3,n,50,0.5495,2.0,4.0,3.4505
caco2,alpha,0.05,hit3,n,100,0.5495,3.0,3.0,2.4505
caco2,alpha,0.05,hit3,n,200,0.5495,4.0,2.0,1.4505
caco2,alpha,0.05,hit3,n,500,0.5495,7.0,1.4,0.8505
esol,alpha,0.05,R12,m1,15,11.4575,5.0,33.3333,21.8759
esol,alpha,0.05,R12,m1,30,11.4575,7.0,23.3333,11.8759
esol,alpha,0.05,R12,m1,50,11.4575,11.0,22.0,10.5425
esol,alpha,0.05,R12,m1,100,11.4575,18.0,18.0,6.5425
esol,alpha,0.05,R12,m1,200,11.4575,32.0,16.0,4.5425
esol,alpha,0.05,R12,m1,500,11.4575,70.0,14.0,2.5425
esol,alpha,0.05,R23,m2,15,11.1466,5.0,33.3333,22.1867
esol,alpha,0.05,R23,m2,30,11.1466,7.0,23.3333,12.1867
esol,alpha,0.05,R23,m2,50,11.1466,10.0,20.0,8.8534
esol,alpha,0.05,R23,m2,100,11.1466,18.0,18.0,6.8534
esol,alpha,0.05,R23,m2,200,11.1466,31.0,15.5,4.3534
esol,alpha,0.05,R23,m2,500,11.1466,69.0,13.8,2.6534
esol,alpha,0.05,hit1,n,15,16.0577,6.0,40.0,23.9423
esol,alpha,0.05,hit1,n,30,16.0577,9.0,30.0,13.9423
esol,alpha,0.05,hit1,n,50,16.0577,13.0,26.0,9.9423
esol,alpha,0.05,hit1,n,100,16.0577,23.0,23.0,6.9423
esol,alpha,0.05,hit1,n,200,16.0577,42.0,21.0,4.9423
esol,alpha,0.05,hit1,n,500,16.0577,95.0,19.0,2.9423
esol,alpha,0.05,hit3,n,15,0.1856,1.0,6.6667,6.481
esol,alpha,0.05,hit3,n,30,0.1856,2.0,6.6667,6.481
esol,alpha,0.05,hit3,n,50,0.1856,2.0,4.0,3.8144
esol,alpha,0.05,hit3,n,100,0.1856,2.0,2.0,1.8144
esol,alpha,0.05,hit3,n,200,0.1856,3.0,1.5,1.3144
esol,alpha,0.05,hit3,n,500,0.1856,4.0,0.8,0.6144
freesolv,alpha,0.05,R12,m1,15,10.6606,5.0,33.3333,22.6728
freesolv,alpha,0.05,R12,m1,30,10.6606,7.0,23.3333,12.6728
freesolv,alpha,0.05,R12,m1,50,10.6606,10.0,20.0,9.3394
freesolv,alpha,0.05,R12,m1,100,10.6606,17.0,17.0,6.3394
freesolv,alpha,0.05,R12,m1,200,10.6606,30.0,15.0,4.3394
freesolv,alpha,0.05,R12,m1,500,10.6606,66.0,13.2,2.5394
freesolv,alpha,0.05,R23,m2,15,14.0336,5.0,33.3333,19.2997
freesolv,alpha,0.05,R23,m2,30,14.0336,9.0,30.0,15.9664
freesolv,alpha,0.05,R23,m2,50,14.0336,12.0,24.0,9.9664
freesolv,alpha,0.05,R23,m2,100,14.0336,21.0,21.0,6.9664
freesolv,alpha,0.05,R23,m2,200,14.0336,37.0,18.5,4.4664
freesolv,alpha,0.05,R23,m2,500,14.0336,84.0,16.8,2.7664
freesolv,alpha,0.05,hit1,n,15,9.611,4.0,26.6667,17.0557
freesolv,alpha,0.05,hit1,n,30,9.611,7.0,23.3333,13.7224
freesolv,alpha,0.05,hit1,n,50,9.611,9.0,18.0,8.389
freesolv,alpha,0.05,hit1,n,100,9.611,16.0,16.0,6.389
freesolv,alpha,0.05,hit1,n,200,9.611,27.0,13.5,3.889
freesolv,alpha,0.05,hit1,n,500,9.611,60.0,12.0,2.389
freesolv,alpha,0.05,hit3,n,15,0.1332,1.0,6.6667,6.5335
freesolv,alpha,0.05,hit3,n,30,0.1332,1.0,3.3333,3.2001
freesolv,alpha,0.05,hit3,n,50,0.1332,2.0,4.0,3.8668
freesolv,alpha,0.05,hit3,n,100,0.1332,2.0,2.0,1.8668
freesolv,alpha,0.05,hit3,n,200,0.1332,2.0,1.0,0.8668
freesolv,alpha,0.05,hit3,n,500,0.1332,3.0,0.6,0.4668
ld50,alpha,0.05,R12,m1,15,12.8628,5.0,33.3333,20.4706
ld50,alpha,0.05,R12,m1,30,12.8628,8.0,26.6667,13.8039
ld50,alpha,0.05,R12,m1,50,12.8628,12.0,24.0,11.1372
ld50,alpha,0.05,R12,m1,100,12.8628,20.0,20.0,7.1372
ld50,alpha,0.05,R12,m1,200,12.8628,35.0,17.5,4.6372
ld50,alpha,0.05,R12,m1,500,12.8628,78.0,15.6,2.7372
ld50,alpha,0.05,R23,m2,15,10.4216,5.0,33.3333,22.9117
ld50,alpha,0.05,R23,m2,30,10.4216,7.0,23.3333,12.9117
ld50,alpha,0.05,R23,m2,50,10.4216,10.0,20.0,9.5784
ld50,alpha,0.05,R23,m2,100,10.4216,17.0,17.0,6.5784
ld50,alpha,0.05,R23,m2,200,10.4216,29.0,14.5,4.0784
ld50,alpha,0.05,R23,m2,500,10.4216,65.0,13.0,2.5784
ld50,alpha,0.05,hit1,n,15,31.8978,9.0,60.0,28.1022
ld50,alpha,0.05,hit1,n,30,31.8978,15.0,50.0,18.1022
ld50,alpha,0.05,hit1,n,50,31.8978,22.0,44.0,12.1022
ld50,alpha,0.05,hit1,n,100,31.8978,41.0,41.0,9.1022
ld50,alpha,0.05,hit1,n,200,31.8978,76.0,38.0,6.1022
ld50,alpha,0.05,hit1,n,500,31.8978,178.0,35.6,3.7022
ld50,alpha,0.05,hit3,n,15,0.3412,1.0,6.6667,6.3255
ld50,alpha,0.05,hit3,n,30,0.3412,2.0,6.6667,6.3255
ld50,alpha,0.05,hit3,n,50,0.3412,2.0,4.0,3.6588
ld50,alpha,0.05,hit3,n,100,0.3412,2.0,2.0,1.6588
ld50,alpha,0.05,hit3,n,200,0.3412,3.0,1.5,1.1588
ld50,alpha,0.05,hit3,n,500,0.3412,5.0,1.0,0.6588
lipophilicity,alpha,0.05,R12,m1,15,12.5646,5.0,33.3333,20.7687
lipophilicity,alpha,0.05,R12,m1,30,12.5646,8.0,26.6667,14.1021
lipophilicity,alpha,0.05,R12,m1,50,12.5646,11.0,22.0,9.4354
lipophilicity,alpha,0.05,R12,m1,100,12.5646,19.0,19.0,6.4354
lipophilicity,alpha,0.05,R12,m1,200,12.5646,34.0,17.0,4.4354
lipophilicity,alpha,0.05,R12,m1,500,12.5646,76.0,15.2,2.6354
lipophilicity,alpha,0.05,R23,m2,15,11.0786,5.0,33.3333,22.2547
lipophilicity,alpha,0.05,R23,m2,30,11.0786,7.0,23.3333,12.2547
lipophilicity,alpha,0.05,R23,m2,50,11.0786,10.0,20.0,8.9214
lipophilicity,alpha,0.05,R23,m2,100,11.0786,17.0,17.0,5.9214
lipophilicity,alpha,0.05,R23,m2,200,11.0786,31.0,15.5,4.4214
lipophilicity,alpha,0.05,R23,m2,500,11.0786,68.0,13.6,2.5214
lipophilicity,alpha,0.05,hit1,n,15,30.3296,9.0,60.0,29.6704
lipophilicity,alpha,0.05,hit1,n,30,30.3296,14.0,46.6667,16.337
lipophilicity,alpha,0.05,hit1,n,50,30.3296,22.0,44.0,13.6704
lipophilicity,alpha,0.05,hit1,n,100,30.3296,39.0,39.0,8.6704
lipophilicity,alpha,0.05,hit1,n,200,30.3296,72.0,36.0,5.6704
lipophilicity,alpha,0.05,hit1,n,500,30.3296,170.0,34.0,3.6704
lipophilicity,alpha,0.05,hit3,n,15,0.3529,2.0,13.3333,12.9805
lipophilicity,alpha,0.05,hit3,n,30,0.3529,2.0,6.6667,6.3138
lipophilicity,alpha,0.05,hit3,n,50,0.3529,2.0,4.0,3.6471
lipophilicity,alpha,0.05,hit3,n,100,0.3529,2.0,2.0,1.6471
lipophilicity,alpha,0.05,hit3,n,200,0.3529,3.0,1.5,1.1471
lipophilicity,alpha,0.05,hit3,n,500,0.3529,5.0,1.0,0.6471
ppbr,alpha,0.05,R12,m1,15,20.2317,7.0,46.6667,26.435
ppbr,alpha,0.05,R12,m1,30,20.2317,11.0,36.6667,16.435
ppbr,alpha,0.05,R12,m1,50,20.2317,16.0,32.0,11.7683
ppbr,alpha,0.05,R12,m1,100,20.2317,28.0,28.0,7.7683
ppbr,alpha,0.05,R12,m1,200,20.2317,51.0,25.5,5.2683
ppbr,alpha,0.05,R12,m1,500,20.2317,117.0,23.4,3.1683
ppbr,alpha,0.05,R23,m2,15,25.3802,8.0,53.3333,27.9532
ppbr,alpha,0.05,R23,m2,30,25.3802,13.0,43.3333,17.9532
ppbr,alpha,0.05,R23,m2,50,25.3802,19.0,38.0,12.6198
ppbr,alpha,0.05,R23,m2,100,25.3802,34.0,34.0,8.6198
ppbr,alpha,0.05,R23,m2,200,25.3802,62.0,31.0,5.6198
ppbr,alpha,0.05,R23,m2,500,25.3802,144.0,28.8,3.4198
ppbr,alpha,0.05,hit1,n,15,33.5388,9.0,60.0,26.4612
ppbr,alpha,0.05,hit1,n,30,33.5388,15.0,50.0,16.4612
ppbr,alpha,0.05,hit1,n,50,33.5388,23.0,46.0,12.4612
ppbr,alpha,0.05,hit1,n,100,33.5388,42.0,42.0,8.4612
ppbr,alpha,0.05,hit1,n,200,33.5388,79.0,39.5,5.9612
ppbr,alpha,0.05,hit1,n,500,33.5388,186.0,37.2,3.6612
ppbr,alpha,0.05,hit3,n,15,0.8928,2.0,13.3333,12.4405
ppbr,alpha,0.05,hit3,n,30,0.8928,2.0,6.6667,5.7738
ppbr,alpha,0.05,hit3,n,50,0.8928,3.0,6.0,5.1072
ppbr,alpha,0.05,hit3,n,100,0.8928,4.0,4.0,3.1072
ppbr,alpha,0.05,hit3,n,200,0.8928,5.0,2.5,1.6072
ppbr,alpha,0.05,hit3,n,500,0.8928,9.0,1.8,0.9072
qm7,alpha,0.05,R12,m1,15,32.5944,9.0,60.0,27.4056
qm7,alpha,0.05,R12,m1,30,32.5944,15.0,50.0,17.4056
qm7,alpha,0.05,R12,m1,50,32.5944,23.0,46.0,13.4056
qm7,alpha,0.05,R12,m1,100,32.5944,41.0,41.0,8.4056
qm7,alpha,0.05,R12,m1,200,32.5944,77.0,38.5,5.9056
qm7,alpha,0.05,R12,m1,500,32.5944,181.0,36.2,3.6056
qm7,alpha,0.05,R23,m2,15,15.8666,6.0,40.0,24.1334
qm7,alpha,0.05,R23,m2,30,15.8666,9.0,30.0,14.1334
qm7,alpha,0.05,R23,m2,50,15.8666,13.0,26.0,10.1334
qm7,alpha,0.05,R23,m2,100,15.8666,23.0,23.0,7.1334
qm7,alpha,0.05,R23,m2,200,15.8666,41.0,20.5,4.6334
qm7,alpha,0.05,R23,m2,500,15.8666,94.0,18.8,2.9334
qm7,alpha,0.05,hit1,n,15,50.8666,12.0,80.0,29.1334
qm7,alpha,0.05,hit1,n,30,50.8666,21.0,70.0,19.1334
qm7,alpha,0.05,hit1,n,50,50.8666,32.0,64.0,13.1334
qm7,alpha,0.05,hit1,n,100,50.8666,60.0,60.0,9.1334
qm7,alpha,0.05,hit1,n,200,50.8666,114.0,57.0,6.1334
qm7,alpha,0.05,hit1,n,500,50.8666,274.0,54.8,3.9334
qm7,alpha,0.05,hit3,n,15,1.4391,2.0,13.3333,11.8942
qm7,alpha,0.05,hit3,n,30,1.4391,3.0,10.0,8.5609
qm7,alpha,0.05,hit3,n,50,1.4391,3.0,6.0,4.5609
qm7,alpha,0.05,hit3,n,100,1.4391,5.0,5.0,3.5609
qm7,alpha,0.05,hit3,n,200,1.4391,7.0,3.5,2.0609
qm7,alpha,0.05,hit3,n,500,1.4391,13.0,2.6,1.1609
qm8,alpha,0.05,R12,m1,15,23.2545,7.0,46.6667,23.4122
qm8,alpha,0.05,R12,m1,30,23.2545,12.0,40.0,16.7455
qm8,alpha,0.05,R12,m1,50,23.2545,18.0,36.0,12.7455
qm8,alpha,0.05,R12,m1,100,23.2545,31.0,31.0,7.7455
qm8,alpha,0.05,R12,m1,200,23.2545,57.0,28.5,5.2455
qm8,alpha,0.05,R12,m1,500,23.2545,133.0,26.6,3.3455
qm8,alpha,0.05,R23,m2,15,12.064,5.0,33.3333,21.2694
qm8,alpha,0.05,R23,m2,30,12.064,8.0,26.6667,14.6027
qm8,alpha,0.05,R23,m2,50,12.064,11.0,22.0,9.936
qm8,alpha,0.05,R23,m2,100,12.064,19.0,19.0,6.936
qm8,alpha,0.05,R23,m2,200,12.064,33.0,16.5,4.436
qm8,alpha,0.05,R23,m2,500,12.064,74.0,14.8,2.736
qm8,alpha,0.05,hit1,n,15,50.643,12.0,80.0,29.357
qm8,alpha,0.05,hit1,n,30,50.643,21.0,70.0,19.357
qm8,alpha,0.05,hit1,n,50,50.643,32.0,64.0,13.357
qm8,alpha,0.05,hit1,n,100,50.643,60.0,60.0,9.357
qm8,alpha,0.05,hit1,n,200,50.643,114.0,57.0,6.357
qm8,alpha,0.05,hit1,n,500,50.643,273.0,54.6,3.957
qm8,alpha,0.05,hit3,n,15,0.7767,2.0,13.3333,12.5566
qm8,alpha,0.05,hit3,n,30,0.7767,2.0,6.6667,5.89
qm8,alpha,0.05,hit3,n,50,0.7767,3.0,6.0,5.2233
qm8,alpha,0.05,hit3,n,100,0.7767,3.0,3.0,2.2233
qm8,alpha,0.05,hit3,n,200,0.7767,5.0,2.5,1.7233
qm8,alpha,0.05,hit3,n,500,0.7767,8.0,1.6,0.8233
qm9,alpha,0.05,R12,m1,15,22.0643,7.0,46.6667,24.6023
qm9,alpha,0.05,R12,m1,30,22.0643,11.0,36.6667,14.6023
qm9,alpha,0.05,R12,m1,50,22.0643,17.0,34.0,11.9357
qm9,alpha,0.05,R12,m1,100,22.0643,30.0,30.0,7.9357
qm9,alpha,0.05,R12,m1,200,22.0643,55.0,27.5,5.4357
qm9,alpha,0.05,R12,m1,500,22.0643,127.0,25.4,3.3357
qm9,alpha,0.05,R23,m2,15,12.3507,5.0,33.3333,20.9826
qm9,alpha,0.05,R23,m2,30,12.3507,8.0,26.6667,14.3159
qm9,alpha,0.05,R23,m2,50,12.3507,11.0,22.0,9.6493
qm9,alpha,0.05,R23,m2,100,12.3507,19.0,19.0,6.6493
qm9,alpha,0.05,R23,m2,200,12.3507,34.0,17.0,4.6493
qm9,alpha,0.05,R23,m2,500,12.3507,75.0,15.0,2.6493
qm9,alpha,0.05,hit1,n,15,75.6826,15.0,100.0,24.3174
qm9,alpha,0.05,hit1,n,30,75.6826,27.0,90.0,14.3174
qm9,alpha,0.05,hit1,n,50,75.6826,44.0,88.0,12.3174
qm9,alpha,0.05,hit1,n,100,75.6826,84.0,84.0,8.3174
qm9,alpha,0.05,hit1,n,200,75.6826,162.0,81.0,5.3174
qm9,alpha,0.05,hit1,n,500,75.6826,395.0,79.0,3.3174
qm9,alpha,0.05,hit3,n,15,1.2241,2.0,13.3333,12.1092
qm9,alpha,0.05,hit3,n,30,1.2241,3.0,10.0,8.7759
qm9,alpha,0.05,hit3,n,50,1.2241,3.0,6.0,4.7759
qm9,alpha,0.05,hit3,n,100,1.2241,4.0,4.0,2.7759
qm9,alpha,0.05,hit3,n,200,1.2241,6.0,3.0,1.7759
qm9,alpha,0.05,hit3,n,500,1.2241,11.0,2.2,0.9759
antiviral,BH,0.0105,R12,m1,15,14.6852,7.0,46.6667,31.9815
antiviral,BH,0.0105,R12,m1,30,14.6852,10.0,33.3333,18.6481
antiviral,BH,0.0105,R12,m1,50,14.6852,15.0,30.0,15.3148
antiviral,BH,0.0105,R12,m1,100,14.6852,24.0,24.0,9.3148
antiviral,BH,0.0105,R12,m1,200,14.6852,42.0,21.0,6.3148
antiviral,BH,0.0105,R12,m1,500,14.6852,93.0,18.6,3.9148
antiviral,BH,0.0105,R23,m2,15,11.6788,6.0,40.0,28.3212
antiviral,BH,0.0105,R23,m2,30,11.6788,9.0,30.0,18.3212
antiviral,BH,0.0105,R23,m2,50,11.6788,13.0,26.0,14.3212
antiviral,BH,0.0105,R23,m2,100,11.6788,21.0,21.0,9.3212
antiviral,BH,0.0105,R23,m2,200,11.6788,35.0,17.5,5.8212
antiviral,BH,0.0105,R23,m2,500,11.6788,76.0,15.2,3.5212
antiviral,BH,0.0105,hit1,n,15,24.1192,9.0,60.0,35.8808
antiviral,BH,0.0105,hit1,n,30,24.1192,14.0,46.6667,22.5475
antiviral,BH,0.0105,hit1,n,50,24.1192,20.0,40.0,15.8808
antiviral,BH,0.0105,hit1,n,100,24.1192,35.0,35.0,10.8808
antiviral,BH,0.0105,hit1,n,200,24.1192,64.0,32.0,7.8808
antiviral,BH,0.0105,hit1,n,500,24.1192,144.0,28.8,4.6808
antiviral,BH,0.0105,hit3,n,15,0.3307,2.0,13.3333,13.0026
antiviral,BH,0.0105,hit3,n,30,0.3307,2.0,6.6667,6.3359
antiviral,BH,0.0105,hit3,n,50,0.3307,3.0,6.0,5.6693
antiviral,BH,0.0105,hit3,n,100,0.3307,3.0,3.0,2.6693
antiviral,BH,0.0105,hit3,n,200,0.3307,4.0,2.0,1.6693
antiviral,BH,0.0105,hit3,n,500,0.3307,6.0,1.2,0.8693
aqsoldb,BH,0.0105,R12,m1,15,12.1395,6.0,40.0,27.8605
aqsoldb,BH,0.0105,R12,m1,30,12.1395,9.0,30.0,17.8605
aqsoldb,BH,0.0105,R12,m1,50,12.1395,13.0,26.0,13.8605
aqsoldb,BH,0.0105,R12,m1,100,12.1395,21.0,21.0,8.8605
aqsoldb,BH,0.0105,R12,m1,200,12.1395,36.0,18.0,5.8605
aqsoldb,BH,0.0105,R12,m1,500,12.1395,79.0,15.8,3.6605
aqsoldb,BH,0.0105,R23,m2,15,11.0349,6.0,40.0,28.9651
aqsoldb,BH,0.0105,R23,m2,30,11.0349,9.0,30.0,18.9651
aqsoldb,BH,0.0105,R23,m2,50,11.0349,12.0,24.0,12.9651
aqsoldb,BH,0.0105,R23,m2,100,11.0349,20.0,20.0,8.9651
aqsoldb,BH,0.0105,R23,m2,200,11.0349,34.0,17.0,5.9651
aqsoldb,BH,0.0105,R23,m2,500,11.0349,73.0,14.6,3.5651
aqsoldb,BH,0.0105,hit1,n,15,10.1911,6.0,40.0,29.8089
aqsoldb,BH,0.0105,hit1,n,30,10.1911,8.0,26.6667,16.4755
aqsoldb,BH,0.0105,hit1,n,50,10.1911,12.0,24.0,13.8089
aqsoldb,BH,0.0105,hit1,n,100,10.1911,19.0,19.0,8.8089
aqsoldb,BH,0.0105,hit1,n,200,10.1911,32.0,16.0,5.8089
aqsoldb,BH,0.0105,hit1,n,500,10.1911,68.0,13.6,3.4089
aqsoldb,BH,0.0105,hit3,n,15,0.1107,2.0,13.3333,13.2226
aqsoldb,BH,0.0105,hit3,n,30,0.1107,2.0,6.6667,6.556
aqsoldb,BH,0.0105,hit3,n,50,0.1107,2.0,4.0,3.8893
aqsoldb,BH,0.0105,hit3,n,100,0.1107,2.0,2.0,1.8893
aqsoldb,BH,0.0105,hit3,n,200,0.1107,3.0,1.5,1.3893
aqsoldb,BH,0.0105,hit3,n,500,0.1107,4.0,0.8,0.6893
bace,BH,0.0105,R12,m1,15,12.5964,6.0,40.0,27.4036
bace,BH,0.0105,R12,m1,30,12.5964,9.0,30.0,17.4036
bace,BH,0.0105,R12,m1,50,12.5964,13.0,26.0,13.4036
bace,BH,0.0105,R12,m1,100,12.5964,22.0,22.0,9.4036
bace,BH,0.0105,R12,m1,200,12.5964,38.0,19.0,6.4036
bace,BH,0.0105,R12,m1,500,12.5964,82.0,16.4,3.8036
bace,BH,0.0105,R23,m2,15,24.3777,9.0,60.0,35.6223
bace,BH,0.0105,R23,m2,30,24.3777,14.0,46.6667,22.2889
bace,BH,0.0105,R23,m2,50,24.3777,21.0,42.0,17.6223
bace,BH,0.0105,R23,m2,100,24.3777,36.0,36.0,11.6223
bace,BH,0.0105,R23,m2,200,24.3777,64.0,32.0,7.6223
bace,BH,0.0105,R23,m2,500,24.3777,145.0,29.0,4.6223
bace,BH,0.0105,hit1,n,15,21.0161,8.0,53.3333,32.3173
bace,BH,0.0105,hit1,n,30,21.0161,13.0,43.3333,22.3173
bace,BH,0.0105,hit1,n,50,21.0161,19.0,38.0,16.9839
bace,BH,0.0105,hit1,n,100,21.0161,32.0,32.0,10.9839
bace,BH,0.0105,hit1,n,200,21.0161,57.0,28.5,7.4839
bace,BH,0.0105,hit1,n,500,21.0161,128.0,25.6,4.5839
bace,BH,0.0105,hit3,n,15,0.4172,2.0,13.3333,12.9161
bace,BH,0.0105,hit3,n,30,0.4172,2.0,6.6667,6.2494
bace,BH,0.0105,hit3,n,50,0.4172,3.0,6.0,5.5828
bace,BH,0.0105,hit3,n,100,0.4172,3.0,3.0,2.5828
bace,BH,0.0105,hit3,n,200,0.4172,4.0,2.0,1.5828
bace,BH,0.0105,hit3,n,500,0.4172,7.0,1.4,0.9828
boilingpoint,BH,0.0105,R12,m1,15,12.7368,6.0,40.0,27.2632
boilingpoint,BH,0.0105,R12,m1,30,12.7368,9.0,30.0,17.2632
boilingpoint,BH,0.0105,R12,m1,50,12.7368,13.0,26.0,13.2632
boilingpoint,BH,0.0105,R12,m1,100,12.7368,22.0,22.0,9.2632
boilingpoint,BH,0.0105,R12,m1,200,12.7368,38.0,19.0,6.2632
boilingpoint,BH,0.0105,R12,m1,500,12.7368,82.0,16.4,3.6632
boilingpoint,BH,0.0105,R23,m2,15,18.75,8.0,53.3333,34.5833
boilingpoint,BH,0.0105,R23,m2,30,18.75,12.0,40.0,21.25
boilingpoint,BH,0.0105,R23,m2,50,18.75,17.0,34.0,15.25
boilingpoint,BH,0.0105,R23,m2,100,18.75,29.0,29.0,10.25
boilingpoint,BH,0.0105,R23,m2,200,18.75,52.0,26.0,7.25
boilingpoint,BH,0.0105,R23,m2,500,18.75,115.0,23.0,4.25
boilingpoint,BH,0.0105,hit1,n,15,18.2927,8.0,53.3333,35.0407
boilingpoint,BH,0.0105,hit1,n,30,18.2927,12.0,40.0,21.7073
boilingpoint,BH,0.0105,hit1,n,50,18.2927,17.0,34.0,15.7073
boilingpoint,BH,0.0105,hit1,n,100,18.2927,29.0,29.0,10.7073
boilingpoint,BH,0.0105,hit1,n,200,18.2927,51.0,25.5,7.2073
boilingpoint,BH,0.0105,hit1,n,500,18.2927,113.0,22.6,4.3073
boilingpoint,BH,0.0105,hit3,n,15,0.3659,2.0,13.3333,12.9675
boilingpoint,BH,0.0105,hit3,n,30,0.3659,2.0,6.6667,6.3008
boilingpoint,BH,0.0105,hit3,n,50,0.3659,3.0,6.0,5.6341
boilingpoint,BH,0.0105,hit3,n,100,0.3659,3.0,3.0,2.6341
boilingpoint,BH,0.0105,hit3,n,200,0.3659,4.0,2.0,1.6341
boilingpoint,BH,0.0105,hit3,n,500,0.3659,7.0,1.4,1.0341
caco2,BH,0.0105,R12,m1,15,15.0798,7.0,46.6667,31.5869
caco2,BH,0.0105,R12,m1,30,15.0798,10.0,33.3333,18.2536
caco2,BH,0.0105,R12,m1,50,15.0798,15.0,30.0,14.9202
caco2,BH,0.0105,R12,m1,100,15.0798,25.0,25.0,9.9202
caco2,BH,0.0105,R12,m1,200,15.0798,43.0,21.5,6.4202
caco2,BH,0.0105,R12,m1,500,15.0798,95.0,19.0,3.9202
caco2,BH,0.0105,R23,m2,15,17.4,7.0,46.6667,29.2667
caco2,BH,0.0105,R23,m2,30,17.4,11.0,36.6667,19.2667
caco2,BH,0.0105,R23,m2,50,17.4,16.0,32.0,14.6
caco2,BH,0.0105,R23,m2,100,17.4,28.0,28.0,10.6
caco2,BH,0.0105,R23,m2,200,17.4,49.0,24.5,7.1
caco2,BH,0.0105,R23,m2,500,17.4,108.0,21.6,4.2
caco2,BH,0.0105,hit1,n,15,35.3807,11.0,73.3333,37.9527
caco2,BH,0.0105,hit1,n,30,35.3807,18.0,60.0,24.6193
caco2,BH,0.0105,hit1,n,50,35.3807,27.0,54.0,18.6193
caco2,BH,0.0105,hit1,n,100,35.3807,48.0,48.0,12.6193
caco2,BH,0.0105,hit1,n,200,35.3807,88.0,44.0,8.6193
caco2,BH,0.0105,hit1,n,500,35.3807,203.0,40.6,5.2193
caco2,BH,0.0105,hit3,n,15,0.5495,2.0,13.3333,12.7839
caco2,BH,0.0105,hit3,n,30,0.5495,3.0,10.0,9.4505
caco2,BH,0.0105,hit3,n,50,0.5495,3.0,6.0,5.4505
caco2,BH,0.0105,hit3,n,100,0.5495,4.0,4.0,3.4505
caco2,BH,0.0105,hit3,n,200,0.5495,5.0,2.5,1.9505
caco2,BH,0.0105,hit3,n,500,0.5495,8.0,1.6,1.0505
esol,BH,0.0105,R12,m1,15,11.4575,6.0,40.0,28.5425
esol,BH,0.0105,R12,m1,30,11.4575,9.0,30.0,18.5425
esol,BH,0.0105,R12,m1,50,11.4575,12.0,24.0,12.5425
esol,BH,0.0105,R12,m1,100,11.4575,20.0,20.0,8.5425
esol,BH,0.0105,R12,m1,200,11.4575,35.0,17.5,6.0425
esol,BH,0.0105,R12,m1,500,11.4575,75.0,15.0,3.5425
esol,BH,0.0105,R23,m2,15,11.1466,6.0,40.0,28.8534
esol,BH,0.0105,R23,m2,30,11.1466,9.0,30.0,18.8534
esol,BH,0.0105,R23,m2,50,11.1466,12.0,24.0,12.8534
esol,BH,0.0105,R23,m2,100,11.1466,20.0,20.0,8.8534
esol,BH,0.0105,R23,m2,200,11.1466,34.0,17.0,5.8534
esol,BH,0.0105,R23,m2,500,11.1466,74.0,14.8,3.6534
esol,BH,0.0105,hit1,n,15,16.0577,7.0,46.6667,30.609
esol,BH,0.0105,hit1,n,30,16.0577,11.0,36.6667,20.609
esol,BH,0.0105,hit1,n,50,16.0577,15.0,30.0,13.9423
esol,BH,0.0105,hit1,n,100,16.0577,26.0,26.0,9.9423
esol,BH,0.0105,hit1,n,200,16.0577,46.0,23.0,6.9423
esol,BH,0.0105,hit1,n,500,16.0577,101.0,20.2,4.1423
esol,BH,0.0105,hit3,n,15,0.1856,2.0,13.3333,13.1477
esol,BH,0.0105,hit3,n,30,0.1856,2.0,6.6667,6.481
esol,BH,0.0105,hit3,n,50,0.1856,2.0,4.0,3.8144
esol,BH,0.0105,hit3,n,100,0.1856,3.0,3.0,2.8144
esol,BH,0.0105,hit3,n,200,0.1856,3.0,1.5,1.3144
esol,BH,0.0105,hit3,n,500,0.1856,5.0,1.0,0.8144
freesolv,BH,0.0105,R12,m1,15,10.6606,6.0,40.0,29.3394
freesolv,BH,0.0105,R12,m1,30,10.6606,9.0,30.0,19.3394
freesolv,BH,0.0105,R12,m1,50,10.6606,12.0,24.0,13.3394
freesolv,BH,0.0105,R12,m1,100,10.6606,19.0,19.0,8.3394
freesolv,BH,0.0105,R12,m1,200,10.6606,33.0,16.5,5.8394
freesolv,BH,0.0105,R12,m1,500,10.6606,71.0,14.2,3.5394
freesolv,BH,0.0105,R23,m2,15,14.0336,7.0,46.6667,32.6331
freesolv,BH,0.0105,R23,m2,30,14.0336,10.0,33.3333,19.2997
freesolv,BH,0.0105,R23,m2,50,14.0336,14.0,28.0,13.9664
freesolv,BH,0.0105,R23,m2,100,14.0336,24.0,24.0,9.9664
freesolv,BH,0.0105,R23,m2,200,14.0336,41.0,20.5,6.4664
freesolv,BH,0.0105,R23,m2,500,14.0336,90.0,18.0,3.9664
freesolv,BH,0.0105,hit1,n,15,9.611,6.0,40.0,30.389
freesolv,BH,0.0105,hit1,n,30,9.611,8.0,26.6667,17.0557
freesolv,BH,0.0105,hit1,n,50,9.611,11.0,22.0,12.389
freesolv,BH,0.0105,hit1,n,100,9.611,18.0,18.0,8.389
freesolv,BH,0.0105,hit1,n,200,9.611,30.0,15.0,5.389
freesolv,BH,0.0105,hit1,n,500,9.611,65.0,13.0,3.389
freesolv,BH,0.0105,hit3,n,15,0.1332,2.0,13.3333,13.2001
freesolv,BH,0.0105,hit3,n,30,0.1332,2.0,6.6667,6.5335
freesolv,BH,0.0105,hit3,n,50,0.1332,2.0,4.0,3.8668
freesolv,BH,0.0105,hit3,n,100,0.1332,2.0,2.0,1.8668
freesolv,BH,0.0105,hit3,n,200,0.1332,3.0,1.5,1.3668
freesolv,BH,0.0105,hit3,n,500,0.1332,4.0,0.8,0.6668
ld50,BH,0.0105,R12,m1,15,12.8628,6.0,40.0,27.1372
ld50,BH,0.0105,R12,m1,30,12.8628,10.0,33.3333,20.4706
ld50,BH,0.0105,R12,m1,50,12.8628,13.0,26.0,13.1372
ld50,BH,0.0105,R12,m1,100,12.8628,22.0,22.0,9.1372
ld50,BH,0.0105,R12,m1,200,12.8628,38.0,19.0,6.1372
ld50,BH,0.0105,R12,m1,500,12.8628,83.0,16.6,3.7372
ld50,BH,0.0105,R23,m2,15,10.4216,6.0,40.0,29.5784
ld50,BH,0.0105,R23,m2,30,10.4216,8.0,26.6667,16.245
ld50,BH,0.0105,R23,m2,50,10.4216,12.0,24.0,13.5784
ld50,BH,0.0105,R23,m2,100,10.4216,19.0,19.0,8.5784
ld50,BH,0.0105,R23,m2,200,10.4216,32.0,16.0,5.5784
ld50,BH,0.0105,R23,m2,500,10.4216,69.0,13.8,3.3784
ld50,BH,0.0105,hit1,n,15,31.8978,10.0,66.6667,34.7689
ld50,BH,0.0105,hit1,n,30,31.8978,17.0,56.6667,24.7689
ld50,BH,0.0105,hit1,n,50,31.8978,25.0,50.0,18.1022
ld50,BH,0.0105,hit1,n,100,31.8978,44.0,44.0,12.1022
ld50,BH,0.0105,hit1,n,200,31.8978,80.0,40.0,8.1022
ld50,BH,0.0105,hit1,n,500,31.8978,185.0,37.0,5.1022
ld50,BH,0.0105,hit3,n,15,0.3412,2.0,13.3333,12.9921
ld50,BH,0.0105,hit3,n,30,0.3412,2.0,6.6667,6.3255
ld50,BH,0.0105,hit3,n,50,0.3412,3.0,6.0,5.6588
ld50,BH,0.0105,hit3,n,100,0.3412,3.0,3.0,2.6588
ld50,BH,0.0105,hit3,n,200,0.3412,4.0,2.0,1.6588
ld50,BH,0.0105,hit3,n,500,0.3412,6.0,1.2,0.8588
lipophilicity,BH,0.0105,R12,m1,15,12.5646,6.0,40.0,27.4354
lipophilicity,BH,0.0105,R12,m1,30,12.5646,9.0,30.0,17.4354
lipophilicity,BH,0.0105,R12,m1,50,12.5646,13.0,26.0,13.4354
lipophilicity,BH,0.0105,R12,m1,100,12.5646,22.0,22.0,9.4354
lipophilicity,BH,0.0105,R12,m1,200,12.5646,37.0,18.5,5.9354
lipophilicity,BH,0.0105,R12,m1,500,12.5646,81.0,16.2,3.6354
lipophilicity,BH,0.0105,R23,m2,15,11.0786,6.0,40.0,28.9214
lipophilicity,BH,0.0105,R23,m2,30,11.0786,9.0,30.0,18.9214
lipophilicity,BH,0.0105,R23,m2,50,11.0786,12.0,24.0,12.9214
lipophilicity,BH,0.0105,R23,m2,100,11.0786,20.0,20.0,8.9214
lipophilicity,BH,0.0105,R23,m2,200,11.0786,34.0,17.0,5.9214
lipophilicity,BH,0.0105,R23,m2,500,11.0786,73.0,14.6,3.5214
lipophilicity,BH,0.0105,hit1,n,15,30.3296,10.0,66.6667,36.337
lipophilicity,BH,0.0105,hit1,n,30,30.3296,16.0,53.3333,23.0037
lipophilicity,BH,0.0105,hit1,n,50,30.3296,24.0,48.0,17.6704
lipophilicity,BH,0.0105,hit1,n,100,30.3296,42.0,42.0,11.6704
lipophilicity,BH,0.0105,hit1,n,200,30.3296,77.0,38.5,8.1704
lipophilicity,BH,0.0105,hit1,n,500,30.3296,177.0,35.4,5.0704
lipophilicity,BH,0.0105,hit3,n,15,0.3529,2.0,13.3333,12.9805
lipophilicity,BH,0.0105,hit3,n,30,0.3529,2.0,6.6667,6.3138
lipophilicity,BH,0.0105,hit3,n,50,0.3529,3.0,6.0,5.6471
lipophilicity,BH,0.0105,hit3,n,100,0.3529,3.0,3.0,2.6471
lipophilicity,BH,0.0105,hit3,n,200,0.3529,4.0,2.0,1.6471
lipophilicity,BH,0.0105,hit3,n,500,0.3529,6.0,1.2,0.8471
ppbr,BH,0.0105,R12,m1,15,20.2317,8.0,53.3333,33.1016
ppbr,BH,0.0105,R12,m1,30,20.2317,12.0,40.0,19.7683
ppbr,BH,0.0105,R12,m1,50,20.2317,18.0,36.0,15.7683
ppbr,BH,0.0105,R12,m1,100,20.2317,31.0,31.0,10.7683
ppbr,BH,0.0105,R12,m1,200,20.2317,55.0,27.5,7.2683
ppbr,BH,0.0105,R12,m1,500,20.2317,123.0,24.6,4.3683
ppbr,BH,0.0105,R23,m2,15,25.3802,9.0,60.0,34.6198
ppbr,BH,0.0105,R23,m2,30,25.3802,14.0,46.6667,21.2865
ppbr,BH,0.0105,R23,m2,50,25.3802,21.0,42.0,16.6198
ppbr,BH,0.0105,R23,m2,100,25.3802,37.0,37.0,11.6198
ppbr,BH,0.0105,R23,m2,200,25.3802,66.0,33.0,7.6198
ppbr,BH,0.0105,R23,m2,500,25.3802,151.0,30.2,4.8198
ppbr,BH,0.0105,hit1,n,15,33.5388,10.0,66.6667,33.1278
ppbr,BH,0.0105,hit1,n,30,33.5388,17.0,56.6667,23.1278
ppbr,BH,0.0105,hit1,n,50,33.5388,26.0,52.0,18.4612
ppbr,BH,0.0105,hit1,n,100,33.5388,46.0,46.0,12.4612
ppbr,BH,0.0105,hit1,n,200,33.5388,84.0,42.0,8.4612
ppbr,BH,0.0105,hit1,n,500,33.5388,193.0,38.6,5.0612
ppbr,BH,0.0105,hit3,n,15,0.8928,2.0,13.3333,12.4405
ppbr,BH,0.0105,hit3,n,30,0.8928,3.0,10.0,9.1072
ppbr,BH,0.0105,hit3,n,50,0.8928,3.0,6.0,5.1072
ppbr,BH,0.0105,hit3,n,100,0.8928,5.0,5.0,4.1072
ppbr,BH,0.0105,hit3,n,200,0.8928,6.0,3.0,2.1072
ppbr,BH,0.0105,hit3,n,500,0.8928,11.0,2.2,1.3072
qm7,BH,0.0105,R12,m1,15,32.5944,10.0,66.6667,34.0723
qm7,BH,0.0105,R12,m1,30,32.5944,17.0,56.6667,24.0723
qm7,BH,0.0105,R12,m1,50,32.5944,25.0,50.0,17.4056
qm7,BH,0.0105,R12,m1,100,32.5944,45.0,45.0,12.4056
qm7,BH,0.0105,R12,m1,200,32.5944,82.0,41.0,8.4056
qm7,BH,0.0105,R12,m1,500,32.5944,188.0,37.6,5.0056
qm7,BH,0.0105,R23,m2,15,15.8666,7.0,46.6667,30.8
qm7,BH,0.0105,R23,m2,30,15.8666,11.0,36.6667,20.8
qm7,BH,0.0105,R23,m2,50,15.8666,15.0,30.0,14.1334
qm7,BH,0.0105,R23,m2,100,15.8666,26.0,26.0,10.1334
qm7,BH,0.0105,R23,m2,200,15.8666,45.0,22.5,6.6334
qm7,BH,0.0105,R23,m2,500,15.8666,100.0,20.0,4.1334
qm7,BH,0.0105,hit1,n,15,50.8666,13.0,86.6667,35.8001
qm7,BH,0.0105,hit1,n,30,50.8666,22.0,73.3333,22.4668
qm7,BH,0.0105,hit1,n,50,50.8666,35.0,70.0,19.1334
qm7,BH,0.0105,hit1,n,100,50.8666,63.0,63.0,12.1334
qm7,BH,0.0105,hit1,n,200,50.8666,119.0,59.5,8.6334
qm7,BH,0.0105,hit1,n,500,50.8666,281.0,56.2,5.3334
qm7,BH,0.0105,hit3,n,15,1.4391,3.0,20.0,18.5609
qm7,BH,0.0105,hit3,n,30,1.4391,3.0,10.0,8.5609
qm7,BH,0.0105,hit3,n,50,1.4391,4.0,8.0,6.5609
qm7,BH,0.0105,hit3,n,100,1.4391,6.0,6.0,4.5609
qm7,BH,0.0105,hit3,n,200,1.4391,8.0,4.0,2.5609
qm7,BH,0.0105,hit3,n,500,1.4391,15.0,3.0,1.5609
qm8,BH,0.0105,R12,m1,15,23.2545,9.0,60.0,36.7455
qm8,BH,0.0105,R12,m1,30,23.2545,14.0,46.6667,23.4122
qm8,BH,0.0105,R12,m1,50,23.2545,20.0,40.0,16.7455
qm8,BH,0.0105,R12,m1,100,23.2545,34.0,34.0,10.7455
qm8,BH,0.0105,R12,m1,200,23.2545,62.0,31.0,7.7455
qm8,BH,0.0105,R12,m1,500,23.2545,139.0,27.8,4.5455
qm8,BH,0.0105,R23,m2,15,12.064,6.0,40.0,27.936
qm8,BH,0.0105,R23,m2,30,12.064,9.0,30.0,17.936
qm8,BH,0.0105,R23,m2,50,12.064,13.0,26.0,13.936
qm8,BH,0.0105,R23,m2,100,12.064,21.0,21.0,8.936
qm8,BH,0.0105,R23,m2,200,12.064,36.0,18.0,5.936
qm8,BH,0.0105,R23,m2,500,12.064,79.0,15.8,3.736
qm8,BH,0.0105,hit1,n,15,50.643,13.0,86.6667,36.0237
qm8,BH,0.0105,hit1,n,30,50.643,22.0,73.3333,22.6903
qm8,BH,0.0105,hit1,n,50,50.643,34.0,68.0,17.357
qm8,BH,0.0105,hit1,n,100,50.643,63.0,63.0,12.357
qm8,BH,0.0105,hit1,n,200,50.643,119.0,59.5,8.857
qm8,BH,0.0105,hit1,n,500,50.643,280.0,56.0,5.357
qm8,BH,0.0105,hit3,n,15,0.7767,2.0,13.3333,12.5566
qm8,BH,0.0105,hit3,n,30,0.7767,3.0,10.0,9.2233
qm8,BH,0.0105,hit3,n,50,0.7767,3.0,6.0,5.2233
qm8,BH,0.0105,hit3,n,100,0.7767,4.0,4.0,3.2233
qm8,BH,0.0105,hit3,n,200,0.7767,6.0,3.0,2.2233
qm8,BH,0.0105,hit3,n,500,0.7767,10.0,2.0,1.2233
qm9,BH,0.0105,R12,m1,15,22.0643,8.0,53.3333,31.269
qm9,BH,0.0105,R12,m1,30,22.0643,13.0,43.3333,21.269
qm9,BH,0.0105,R12,m1,50,22.0643,19.0,38.0,15.9357
qm9,BH,0.0105,R12,m1,100,22.0643,33.0,33.0,10.9357
qm9,BH,0.0105,R12,m1,200,22.0643,59.0,29.5,7.4357
qm9,BH,0.0105,R12,m1,500,22.0643,133.0,26.6,4.5357
qm9,BH,0.0105,R23,m2,15,12.3507,6.0,40.0,27.6493
qm9,BH,0.0105,R23,m2,30,12.3507,9.0,30.0,17.6493
qm9,BH,0.0105,R23,m2,50,12.3507,13.0,26.0,13.6493
qm9,BH,0.0105,R23,m2,100,12.3507,21.0,21.0,8.6493
qm9,BH,0.0105,R23,m2,200,12.3507,37.0,18.5,6.1493
qm9,BH,0.0105,R23,m2,500,12.3507,80.0,16.0,3.6493
qm9,BH,0.0105,hit1,n,15,75.6826,,,
qm9,BH,0.0105,hit1,n,30,75.6826,29.0,96.6667,20.9841
qm9,BH,0.0105,hit1,n,50,75.6826,45.0,90.0,14.3174
qm9,BH,0.0105,hit1,n,100,75.6826,86.0,86.0,10.3174
qm9,BH,0.0105,hit1,n,200,75.6826,166.0,83.0,7.3174
qm9,BH,0.0105,hit1,n,500,75.6826,401.0,80.2,4.5174
qm9,BH,0.0105,hit3,n,15,1.2241,3.0,20.0,18.7759
qm9,BH,0.0105,hit3,n,30,1.2241,3.0,10.0,8.7759
qm9,BH,0.0105,hit3,n,50,1.2241,4.0,8.0,6.7759
qm9,BH,0.0105,hit3,n,100,1.2241,5.0,5.0,3.7759
qm9,BH,0.0105,hit3,n,200,1.2241,8.0,4.0,2.7759
qm9,BH,0.0105,hit3,n,500,1.2241,13.0,2.6,1.3759
