dataset,tag,index,group,mol_id,smiles,count,present
esol,opus5,v4_dolma-v1_7_llama,reproduced,1-Heptene,CCCCCC=C,1.0,True
esol,opus5,v4_dolma-v1_7_llama,reproduced,3-Methylpentane,CCC(C)CC,26.0,True
esol,opus5,v4_dolma-v1_7_llama,reproduced,Glycerol,OCC(O)CO,9.0,True
esol,opus5,v4_dolma-v1_7_llama,reproduced,adrenosterone,CC34CC(=O)C1C(CCC2=CC(=O)CCC12C)C3CCC4(=O),1.0,True
esol,opus5,v4_dolma-v1_7_llama,reproduced,p-Nitroaniline,Nc1ccc(cc1)N(=O)=O,0.0,False
esol,opus5,v4_dolma-v1_7_llama,reproduced,"3,4-Dimethylphenol",Cc1ccc(O)cc1C,2.0,True
esol,opus5,v4_dolma-v1_7_llama,reproduced,Heptachlor,ClC1C=CC2C1C3(Cl)C(=C(Cl)C2(Cl)C3(Cl)Cl)Cl,0.0,False
esol,opus5,v4_dolma-v1_7_llama,reproduced,Phenacetin,CCOc1ccc(NC(=O)C)cc1,0.0,False
esol,opus5,v4_dolma-v1_7_llama,reproduced,Propylisopropylether,CCCOC(C)C,1.0,True
esol,opus5,v4_dolma-v1_7_llama,reproduced,Benzophenone,O=C(c1ccccc1)c2ccccc2,0.0,False
esol,opus5,v4_dolma-v1_7_llama,reproduced,9-Methylanthracene,Cc1c2ccccc2cc3ccccc13,0.0,False
esol,opus5,v4_dolma-v1_7_llama,reproduced,Triadimefon,CC(C)(C)C(=O)C(Oc1ccc(Cl)cc1)n2cncn2,0.0,False
esol,opus5,v4_dolma-v1_7_llama,reproduced,"2,2',3,3',4,4',5,5'-PCB",Clc1cc(c(Cl)c(Cl)c1Cl)c2cc(Cl)c(Cl)c(Cl)c2Cl,0.0,False
esol,opus5,v4_dolma-v1_7_llama,reproduced,uric acid,O=c2[nH]c(=O)c1[nH]c(=O)[nH]c1[nH]2,0.0,False
esol,opus5,v4_dolma-v1_7_llama,reproduced,4-Ethyltoluene,CCc1ccc(C)cc1,0.0,False
esol,opus5,v4_dolma-v1_7_llama,reproduced,Permethrin,CC1(C)C(C=C(Cl)Cl)C1C(=O)OCc2cccc(Oc3ccccc3)c2,0.0,False
esol,opus5,v4_dolma-v1_7_llama,reproduced,p-Nitroanisole,COc1ccc(cc1)N(=O)=O,0.0,False
esol,opus5,v4_dolma-v1_7_llama,reproduced,Cyclobutyl-5-spirobarbituric acid,O=C2NC(=O)C1(CCC1)C(=O)N2,1.0,True
esol,opus5,v4_dolma-v1_7_llama,reproduced,Fenthion,COP(=S)(OC)Oc1ccc(SC)c(C)c1,0.0,False
esol,opus5,v4_dolma-v1_7_llama,reproduced,Isopropalin,CCCN(CCC)c1c(cc(cc1N(=O)=O)C(C)C)N(=O)=O,0.0,False
esol,opus5,v4_dolma-v1_7_llama,reproduced,"2,4,5-Trichlorophenol",Oc1cc(Cl)c(Cl)cc1Cl,0.0,False
esol,opus5,v4_dolma-v1_7_llama,reproduced,2-Methylpentane,CCCC(C)C,6.0,True
esol,opus5,v4_dolma-v1_7_llama,reproduced,4-Bromophenol,Oc1ccc(Br)cc1,1.0,True
esol,opus5,v4_dolma-v1_7_llama,reproduced,4-Bromotoluene,Cc1ccc(Br)cc1,2.0,True
esol,opus5,v4_dolma-v1_7_llama,reproduced,Dialifos,CCOP(=S)(OCC)SC(CCl)N2C(=O)c1ccccc1C2=O,0.0,False
esol,opus5,v4_dolma-v1_7_llama,reproduced,Methyl octanoate,CCCCCCCC(=O)OC,1.0,True
esol,opus5,v4_dolma-v1_7_llama,reproduced,Stirofos,COP(=O)(OC)OC(=CCl)c1cc(Cl)c(Cl)cc1Cl,0.0,False
esol,opus5,v4_dolma-v1_7_llama,reproduced,"1,4-Dimethylnaphthalene",Cc1ccc(C)c2ccccc12,0.0,False
esol,opus5,v4_dolma-v1_7_llama,reproduced,Carbetamide,c1c(NC(=O)OC(C)C(=O)NCC)cccc1,0.0,False
esol,opus5,v4_dolma-v1_7_llama,reproduced,mercaptobenzothiazole,Sc2nc1ccccc1s2,0.0,False
esol,opus5,v4_dolma-v1_7_llama,reproduced,Chrysene,c1ccc2c(c1)ccc3c4ccccc4ccc23,0.0,False
esol,opus5,v4_dolma-v1_7_llama,reproduced,Hydrocortisone 21-acetate,CC(=O)OCC(=O)C1(O)CCC2C3CCC4=CC(=O)CCC4(C)C3C(O)CC21C,0.0,False
esol,opus5,v4_dolma-v1_7_llama,reproduced,Napropamide,CCN(CC)C(=O)C(C)Oc1cccc2ccccc12,0.0,False
esol,opus5,v4_dolma-v1_7_llama,reproduced,1-Decene,CCCCCCCCC=C,1.0,True
esol,opus5,v4_dolma-v1_7_llama,reproduced,p-t-Butylphenol,CC(C)(C)c1ccc(O)cc1,0.0,False
esol,opus5,v4_dolma-v1_7_llama,reproduced,"2,6-PCB",Clc1cccc(Cl)c1c2ccccc2,0.0,False
esol,opus5,v4_dolma-v1_7_llama,reproduced,4-Chlorotoluene,Cc1ccc(Cl)cc1,1.0,True
esol,opus5,v4_dolma-v1_7_llama,reproduced,Piperophos,CCCOP(=S)(OCCC)SCC(=O)N1CCCCC1C,1.0,True
esol,opus5,v4_dolma-v1_7_llama,reproduced,2-Methylphenanthrene,Cc1ccc2c(ccc3ccccc32)c1,0.0,False
esol,opus5,v4_dolma-v1_7_llama,reproduced,Dapsone,Nc1ccc(cc1)S(=O)(=O)c2ccc(N)cc2,0.0,False
esol,opus5,v4_dolma-v1_7_llama,reproduced,Mefenacet,CN(C(=O)COc1nc2ccccc2s1)c3ccccc3,1.0,True
esol,opus5,v4_dolma-v1_7_llama,reproduced,"2,4-Dichlorophenol",Oc1ccc(Cl)cc1Cl,0.0,False
esol,opus5,v4_dolma-v1_7_llama,reproduced,4-Methylbiphenyl,Cc1ccc(cc1)c2ccccc2,0.0,False
esol,opus5,v4_dolma-v1_7_llama,reproduced,Phenetole,CCOc1ccccc1,5.0,True
esol,opus5,v4_dolma-v1_7_llama,reproduced,Anthracene,c1ccc2cc3ccccc3cc2c1,1.0,True
esol,opus5,v4_dolma-v1_7_llama,reproduced,Sulfanilamide,Nc1ccc(cc1)S(N)(=O)=O,0.0,False
esol,opus5,v4_dolma-v1_7_llama,reproduced,Pyrolan,CN(C)C(=O)Oc1cc(C)nn1c2ccccc2,1.0,True
esol,opus5,v4_dolma-v1_7_llama,reproduced,Norea,CN(C)C(=O)NC1CC2CC1C3CCCC23,0.0,False
esol,opus5,v4_dolma-v1_7_llama,reproduced,Hexachloroethane,ClC(Cl)(Cl)C(Cl)(Cl)Cl,0.0,False
esol,opus5,v4_dolma-v1_7_llama,reproduced,Isoprocarb,CNC(=O)Oc1ccccc1C(C)C,0.0,False
esol,opus5,v4_dolma-v1_7_llama,reproduced,"2,2-Dimethylbutane",CCC(C)(C)C,3.0,True
esol,opus5,v4_dolma-v1_7_llama,reproduced,adenine,Nc1ncnc2nc[nH]c12,0.0,False
esol,opus5,v4_dolma-v1_7_llama,reproduced,Xipamide,Cc1cccc(C)c1NC(=O)c2cc(c(Cl)cc2O)S(N)(=O)=O,0.0,False
esol,opus5,v4_dolma-v1_7_llama,reproduced,"1,3,5-Trichlorobenzene",Clc1cc(Cl)cc(Cl)c1,0.0,False
esol,opus5,v4_dolma-v1_7_llama,reproduced,p-Chloroacetanilide,CC(=O)Nc1ccc(Cl)cc1,0.0,False
esol,opus5,v4_dolma-v1_7_llama,reproduced,Menthone,CC(C)C1CCC(C)CC1=O,0.0,False
esol,opus5,v4_dolma-v1_7_llama,reproduced,Fenarimol,OC(c1ccc(Cl)cc1)(c2cncnc2)c3ccccc3Cl,0.0,False
esol,opus5,v4_dolma-v1_7_llama,reproduced,Trietazine,CCNc1nc(Cl)nc(n1)N(CC)CC,0.0,False
esol,opus5,v4_dolma-v1_7_llama,reproduced,Thymol,CC(C)c1ccc(C)cc1O,0.0,False
esol,opus5,v4_dolma-v1_7_llama,reproduced,Tricresyl phosphate,Cc1ccc(OP(=O)(Oc2cccc(C)c2)Oc3ccccc3C)cc1,1.0,True
esol,opus5,v4_dolma-v1_7_llama,reproduced,Dicofol,OC(c1ccc(Cl)cc1)(c2ccc(Cl)cc2)C(Cl)(Cl)Cl,0.0,False
esol,opus5,v4_dolma-v1_7_llama,reproduced,Tetrabromomethane,BrC(Br)(Br)Br,0.0,False
esol,opus5,v4_dolma-v1_7_llama,reproduced,"9,10-Dimethylanthracene",Cc1c2ccccc2c(C)c3ccccc13,0.0,False
esol,opus5,v4_dolma-v1_7_llama,reproduced,Diethyl phthalate,CCOC(=O)c1ccccc1C(=O)OCC,0.0,False
esol,opus5,v4_dolma-v1_7_llama,reproduced,"2,4,6-Trichlorophenol",Oc1c(Cl)cc(Cl)cc1Cl,2.0,True
esol,opus5,v4_dolma-v1_7_llama,reproduced,"2,3-Dimethylpentane",CCC(C)C(C)C,0.0,False
esol,opus5,v4_dolma-v1_7_llama,reproduced,Bibenzyl,C(Cc1ccccc1)c2ccccc2,0.0,False
esol,opus5,v4_dolma-v1_7_llama,reproduced,"N,N-Dimethylaniline",CN(C)c1ccccc1,2.0,True
esol,opus5,v4_dolma-v1_7_llama,reproduced,Ethylbenzene,CCc1ccccc1,10.0,True
esol,opus5,v4_dolma-v1_7_llama,reproduced,d-Limonene,CC1=CCC(CC1)C(C)=C,0.0,False
esol,opus5,v4_dolma-v1_7_llama,reproduced,Fludrocortisone,CC34CC(O)C1(F)C(CCC2=CC(=O)CCC12C)C3CCC4(O)C(=O)CO,0.0,False
esol,opus5,v4_dolma-v1_7_llama,reproduced,"2,6-Dimethylphenol",Cc1cccc(C)c1O,0.0,False
esol,opus5,v4_dolma-v1_7_llama,reproduced,thiopental,CCCC(C)C1(CC)C(=O)NC(=S)NC1=O,0.0,False
esol,opus5,v4_dolma-v1_7_llama,reproduced,Dialifor,CCOP(=S)(OCC)SC(CCl)N1C(=O)c2ccccc2C1=O,0.0,False
esol,opus5,v4_dolma-v1_7_llama,reproduced,m-Chloroiodobenzene,Clc1cccc(I)c1,0.0,False
esol,opus5,v4_dolma-v1_7_llama,reproduced,p-Fluoroacetanilide,CC(=O)Nc1ccc(F)cc1,0.0,False
esol,opus5,v4_dolma-v1_7_llama,reproduced,Chloropham,CC(C)OC(=O)Nc1cccc(Cl)c1,0.0,False
esol,opus5,v4_dolma-v1_7_llama,reproduced,Methylcyclohexane,CC1CCCCC1,13.0,True
esol,opus5,v4_dolma-v1_7_llama,reproduced,"2,2',3,4,4',5',6-PCB",Clc1ccc(c(Cl)c1)c2c(Cl)c(Cl)c(Cl)c(Cl)c2Cl,,False
esol,opus5,v4_dolma-v1_7_llama,reproduced,uracil,O=c1cc[nH]c(=O)[nH]1,,False
esol,opus5,v4_dolma-v1_7_llama,missed,Diallate,CC(C)N(C(C)C)C(=O)SCC(=CCl)Cl,0.0,False
esol,opus5,v4_dolma-v1_7_llama,missed,Benzocaine,CCOC(=O)c1ccc(N)cc1,0.0,False
esol,opus5,v4_dolma-v1_7_llama,missed,thymine,Cc1c[nH]c(=O)[nH]c1=O,1.0,True
esol,opus5,v4_dolma-v1_7_llama,missed,Morin,Oc1ccc(c(O)c1)c3oc2cc(O)cc(O)c2c(=O)c3O,1.0,True
esol,opus5,v4_dolma-v1_7_llama,missed,4-Nitroacetanilide,CC(=O)Nc1ccc(cc1)N(=O)=O,0.0,False
esol,opus5,v4_dolma-v1_7_llama,missed,"2,4',5-PCB",Clc1ccc(cc1)c2cc(Cl)ccc2Cl,0.0,False
esol,opus5,v4_dolma-v1_7_llama,missed,alachlor,CCc1cccc(CC)c1N(COC)C(=O)CCl,0.0,False
esol,opus5,v4_dolma-v1_7_llama,missed,Benzo(b)fluoranthene,c1ccc2c(c1)c3cccc4c3c2cc5ccccc54,1.0,True
esol,opus5,v4_dolma-v1_7_llama,missed,thiamylal,CCCC(C)C1(CC=C)C(=O)NC(=S)NC1=O,0.0,False
esol,opus5,v4_dolma-v1_7_llama,missed,megestrol acetate,CC(=O)OC3(CCC4C2C=C(C)C1=CC(=O)CCC1(C)C2CCC34C)C(C)=O,0.0,False
esol,opus5,v4_dolma-v1_7_llama,missed,"2,4,6-Trimethylphenol",Cc1cc(C)c(O)c(C)c1,0.0,False
esol,opus5,v4_dolma-v1_7_llama,missed,ethiofencarb,CCSCc1ccccc1OC(=O)NC,0.0,False
esol,opus5,v4_dolma-v1_7_llama,missed,2-Methyl-1-Butene,CCC(=C)C,1.0,True
esol,opus5,v4_dolma-v1_7_llama,missed,indazole,c2ccc1[nH]ncc1c2,1.0,True
esol,opus5,v4_dolma-v1_7_llama,missed,"2,2',3,4,5,5',6-PCB",Clc1ccc(Cl)c(c1)c2c(Cl)c(Cl)c(Cl)c(Cl)c2Cl,0.0,False
esol,opus5,v4_dolma-v1_7_llama,missed,nifuroxime,ON=Cc1ccc(o1)N(=O)=O,0.0,False
esol,opus5,v4_dolma-v1_7_llama,missed,2-Methyl-2-hexanol,CCCCC(C)(C)O,0.0,False
esol,opus5,v4_dolma-v1_7_llama,missed,Epitostanol,CC45CCC2C(CCC3CC1SC1CC23C)C4CCC5O,2.0,True
esol,opus5,v4_dolma-v1_7_llama,missed,Chlorzoxazone,Clc2ccc1oc(=O)[nH]c1c2,0.0,False
esol,opus5,v4_dolma-v1_7_llama,missed,RTI 23,CCN2c1cc(OC)cc(C)c1NC(=O)c3cccnc23,0.0,False
esol,opus5,v4_dolma-v1_7_llama,missed,Disulfoton,CCOP(=S)(OCC)SCCSCC,0.0,False
esol,opus5,v4_dolma-v1_7_llama,missed,"1,2,3,4-Tetrachlorobenzene",Clc1ccc(Cl)c(Cl)c1Cl,0.0,False
esol,opus5,v4_dolma-v1_7_llama,missed,Methazole,Cn2c(=O)on(c1ccc(Cl)c(Cl)c1)c2=O,1.0,True
esol,opus5,v4_dolma-v1_7_llama,missed,Isazofos,CCOP(=S)(OCC)Oc1nc(Cl)n(n1)C(C)C,0.0,False
esol,opus5,v4_dolma-v1_7_llama,missed,Chlordene,ClC2=C(Cl)C3(Cl)C1C=CCC1C2(Cl)C3(Cl)Cl,0.0,False
esol,opus5,v4_dolma-v1_7_llama,missed,triamcinolone diacetate,CC(=O)OCC(=O)C3(O)C(CC4C2CCC1=CC(=O)C=CC1(C)C2(F)C(O)CC34C)OC(C)=O,0.0,False
esol,opus5,v4_dolma-v1_7_llama,missed,RTI 11,O2c1ccc(N)cc1N(C)C(=O)c3cc(C)ccc23,0.0,False
esol,opus5,v4_dolma-v1_7_llama,missed,Talbutal,CCC(C)C1(CC=C)C(=O)NC(=O)NC1=O,0.0,False
esol,opus5,v4_dolma-v1_7_llama,missed,Ethoxyzolamide,CCOc2ccc1nc(sc1c2)S(N)(=O)=O,0.0,False
esol,opus5,v4_dolma-v1_7_llama,missed,Fenothiocarb,CN(C)C(=O)SCCCCOc1ccccc1,0.0,False
esol,opus5,v4_dolma-v1_7_llama,missed,estriol,CC34CCC1C(CCc2cc(O)ccc12)C3CC(O)C4O,0.0,False
esol,opus5,v4_dolma-v1_7_llama,missed,Benfluralin,CCCCN(CC)c1c(cc(cc1N(=O)=O)C(F)(F)F)N(=O)=O,0.0,False
esol,opus5,v4_dolma-v1_7_llama,missed,Ethalfluralin,CCN(CC(C)=C)c1c(cc(cc1N(=O)=O)C(F)(F)F)N(=O)=O,0.0,False
esol,opus5,v4_dolma-v1_7_llama,missed,6-methoxypteridine,COc2cnc1ncncc1n2,0.0,False
esol,opus5,v4_dolma-v1_7_llama,missed,5-Allyl-5-phenylbarbital,O=C1NC(=O)NC(=O)C1(CC=C)c1ccccc1,0.0,False
esol,opus5,v4_dolma-v1_7_llama,missed,Norethisterone,CC34CCC1C(CCC2=CC(=O)CCC12O)C3CCC4(O)C#C,0.0,False
esol,opus5,v4_dolma-v1_7_llama,missed,5-hydroxyquinoline,Oc1cccc2ncccc12,0.0,False
esol,opus5,v4_dolma-v1_7_llama,missed,gentisin,c1c(O)C2C(=O)C3cc(O)ccC3OC2cc1(OC),2.0,True
esol,opus5,v4_dolma-v1_7_llama,missed,Chlorimuron-ethyl (ph 7),CCOC(=O)c1ccccc1S(=O)(=O)NN(C=O)c2nc(Cl)cc(OC)n2,1.0,True
esol,opus5,v4_dolma-v1_7_llama,missed,Phthalonitrile,N#Cc1ccccc1C#N,0.0,False
esol,opus5,v4_dolma-v1_7_llama,missed,diisooctyl phthalate,c1(C(=O)OCCCCCC(C)(C))c(C(=O)OCCCCCC(C)(C))cccc1,0.0,False
esol,opus5,v4_dolma-v1_7_llama,missed,Sulfallate,CCN(CC)C(=S)SCC(Cl)=C,0.0,False
esol,opus5,v4_dolma-v1_7_llama,missed,Benzo(b)fluorene,C1c2ccccc2c3cc4ccccc4cc13,0.0,False
esol,opus5,v4_dolma-v1_7_llama,missed,tetrachloroguaiacol,COc1c(O)c(Cl)c(Cl)c(Cl)c1Cl,0.0,False
esol,opus5,v4_dolma-v1_7_llama,missed,"2,2',3,3'-PCB",Clc1cccc(c1Cl)c2cccc(Cl)c2Cl,0.0,False
esol,opus5,v4_dolma-v1_7_llama,missed,stadacaine,CCCCOc1ccc(C(=O)OCC)c(c1)N(CC)CC,0.0,False
esol,opus5,v4_dolma-v1_7_llama,missed,norflurazon,CNc2cnn(c1cccc(c1)C(F)(F)F)c(=O)c2Cl,0.0,False
esol,opus5,v4_dolma-v1_7_llama,missed,"2,4-Dimethylpentane",CC(C)CC(C)C,7.0,True
esol,opus5,v4_dolma-v1_7_llama,missed,Altretamine,CN(C)c1nc(nc(n1)N(C)C)N(C)C,0.0,False
esol,opus5,v4_dolma-v1_7_llama,missed,Clonazepam,Clc1ccccc1C2=NCC(=O)Nc3ccc(cc23)N(=O)=O,0.0,False
esol,opus5,v4_dolma-v1_7_llama,missed,Mebendazole,COC(=O)Nc2nc1ccc(cc1[nH]2)C(=O)c3ccccc3,0.0,False
esol,opus5,v4_dolma-v1_7_llama,missed,5-(3-Methyl-2-butenyl)-5-isoPrbarbital,O=C1NC(=O)NC(=O)C1(C(C)C)CC=C(C)C,2.0,True
esol,opus5,v4_dolma-v1_7_llama,missed,"2,2',3,3',5,5',6,6'-PCB",Clc1cc(Cl)c(Cl)c(c1Cl)c2c(Cl)c(Cl)cc(Cl)c2Cl,0.0,False
esol,opus5,v4_dolma-v1_7_llama,missed,"1,8-Cineole",CC12CCC(CC1)C(C)(C)O2,5.0,True
esol,opus5,v4_dolma-v1_7_llama,missed,Lovastatin,CCC(C)C(=O)OC2CC(C)C=C3C=CC(C)C(CCC1CC(O)CC(=O)O1)C23,1.0,True
esol,opus5,v4_dolma-v1_7_llama,missed,Dienochlor,ClC1=C(Cl)C(Cl)(C(=C1Cl)Cl)C2(Cl)C(=C(Cl)C(=C2Cl)Cl)Cl,1.0,True
esol,opus5,v4_dolma-v1_7_llama,missed,Isopropylbenzene,CC(C)c1ccccc1,2.0,True
esol,opus5,v4_dolma-v1_7_llama,missed,Anethole,COc1ccc(C=CC)cc1,0.0,False
esol,opus5,v4_dolma-v1_7_llama,missed,Risocaine,CCCOC(=O)c1ccc(N)cc1,0.0,False
esol,opus5,v4_dolma-v1_7_llama,missed,Medrogestone,CC(=O)C3(C)CCC4C2C=C(C)C1=CC(=O)CCC1(C)C2CCC34C,0.0,False
esol,opus5,v4_dolma-v1_7_llama,missed,"2,3-Dichloronitrobenzene",O=N(=O)c1c(Cl)c(Cl)ccc1,0.0,False
esol,opus5,v4_dolma-v1_7_llama,missed,Methocarbamol,COc1ccccc1OCC(O)COC(N)=O,0.0,False
esol,opus5,v4_dolma-v1_7_llama,missed,Stanolone,CC34CCC1C(CCC2CC(=O)CCC12C)C3CCC4O,0.0,False
esol,opus5,v4_dolma-v1_7_llama,missed,5-(3-Methyl-2-butenyl)-5-ethylbarbital,O=C1NC(=O)NC(=O)C1(CC)CC=C(C)C,0.0,False
esol,opus5,v4_dolma-v1_7_llama,missed,"5,5-Diallylbarbital",O=C1NC(=O)NC(=O)C1(CC=C)CC=C,0.0,False
esol,opus5,v4_dolma-v1_7_llama,missed,3-Ethanoyloxymethylphenytoin,O=C1N(COC(=O)C)C(=O)C(N1)(c2ccccc2)c3ccccc3,0.0,False
esol,opus5,v4_dolma-v1_7_llama,missed,Fluridone,Cn2cc(c1ccccc1)c(=O)c(c2)c3cccc(c3)C(F)(F)F,6.0,True
esol,opus5,v4_dolma-v1_7_llama,missed,5-Allyl-5-methylbarbital,O=C1NC(=O)NC(=O)C1(C)CC=C,0.0,False
esol,opus5,v4_dolma-v1_7_llama,missed,"1,3-Dinitrobenzene",O=N(=O)c1cccc(c1)N(=O)=O,0.0,False
esol,opus5,v4_dolma-v1_7_llama,missed,"1,2,3,4-Tetrahydronapthalene",C1CCc2ccccc2C1,0.0,False
esol,opus5,v4_dolma-v1_7_llama,missed,"1,5-Dimethlnapthalene",Cc1cccc2c(C)cccc12,0.0,False
esol,opus5,v4_dolma-v1_7_llama,missed,Flucytosine,Nc1nc(=O)[nH]cc1F,0.0,False
esol,opus5,v4_dolma-v1_7_llama,missed,DNOC,Cc1cc(cc(N(=O)=O)c1O)N(=O)=O,0.0,False
esol,opus5,v4_dolma-v1_7_llama,missed,"3,4-Dichlorophenol",Oc1ccc(Cl)c(Cl)c1,0.0,False
esol,opus5,v4_dolma-v1_7_llama,missed,Ethyl heptanoate,CCCCCCC(=O)OCC,0.0,False
esol,opus5,v4_dolma-v1_7_llama,missed,Bromodichloromethane,BrC(Cl)Cl,0.0,False
esol,opus5,v4_dolma-v1_7_llama,missed,2-Ethyl-1-hexanol,CCCCC(CC)CO,5.0,True
esol,opus5,v4_dolma-v1_7_llama,missed,Pentyl propanoate,CCCCC(=O)OCC,,False
esol,opus5,v4_dolma-v1_7_llama,missed,2-Bromotoluene,Cc1ccccc1Br,,False
esol,opus5,v4_dolma-v1_7_llama,missed,Dimefuron,CN(C)C(=O)Nc1ccc(c(Cl)c1)n2nc(oc2=O)C(C)(C)C,0.0,False
ld50,gem31pro,v4_dolma-v1_7_llama,reproduced,"Acetonitrile, dichloro-",N#CC(Cl)Cl,0.0,False
ld50,gem31pro,v4_dolma-v1_7_llama,reproduced,"Benzoic acid, 2-hydroxy-",O=C(O)c1ccccc1O,0.0,False
ld50,gem31pro,v4_dolma-v1_7_llama,reproduced,"Benzeneacetaldehyde, alpha-methyl-",CC(C=O)c1ccccc1,0.0,False
ld50,gem31pro,v4_dolma-v1_7_llama,reproduced,"Phenol, 2-methyl-5-(1-methylethyl)-",Cc1ccc(C(C)C)cc1O,0.0,False
ld50,gem31pro,v4_dolma-v1_7_llama,reproduced,"2-Cyclopenten-1-one, 3-methyl-2-(2-pentenyl)-, (Z)-",CCC=CCC1=C(C)CCC1=O,0.0,False
ld50,gem31pro,v4_dolma-v1_7_llama,reproduced,"Carbamic acid, methyl-, o-isopropoxyphenyl ester",CNC(=O)Oc1ccccc1OC(C)C,0.0,False
ld50,gem31pro,v4_dolma-v1_7_llama,reproduced,"Phosphoric acid, bis(2-chloroethyl) 3-chloro-4-methyl-2-oxo-2H-1-benzopyran-7-yl ester",Cc1c(Cl)c(=O)oc2cc(OP(=O)(OCCCl)OCCCl)ccc12,0.0,False
ld50,gem31pro,v4_dolma-v1_7_llama,reproduced,"Benzeneacetic acid, 4-(difluoromethoxy)-alpha-(1-methylethyl)-, cyano(3-phenoxyphenyl)methyl ester",CC(C)C(C(=O)OC(C#N)c1cccc(Oc2ccccc2)c1)c1ccc(OC(F)F)cc1,0.0,False
ld50,gem31pro,v4_dolma-v1_7_llama,reproduced,"2-Hydroxy-1,2,3-propanetricarboxylic acid, delta triethyl ester",CCOC(=O)CC(O)(CC(=O)OCC)C(=O)OCC,0.0,False
ld50,gem31pro,v4_dolma-v1_7_llama,reproduced,"1-Piperidinepropanol, alpha-bicyclo(2.2.1)hept-5-en-2-yl-alpha-phenyl-",OC(CCN1CCCCC1)(c1ccccc1)C1CC2C=CC1C2,0.0,False
ld50,gem31pro,v4_dolma-v1_7_llama,reproduced,"Thymine, 1-(2,3-dideoxy-beta-D-glycero-pent-2-enofuranosyl)- (7CI,8CI)",Cc1cn(C2C=CC(CO)O2)c(=O)[nH]c1=O,0.0,False
ld50,gem31pro,v4_dolma-v1_7_llama,reproduced,"Phosphorothioic acid, S-benzyl O,O-diisopropyl ester",CC(C)OP(=O)(OC(C)C)SCc1ccccc1,0.0,False
ld50,gem31pro,v4_dolma-v1_7_llama,reproduced,"Carbamic acid, (1-((butylamino)carbonyl)-1H-benzimidazol-2-yl)-, methyl ester",CCCCNC(=O)n1c(NC(=O)OC)nc2ccccc21,0.0,False
ld50,gem31pro,v4_dolma-v1_7_llama,reproduced,"Phenol, 2,4,6-trinitro-",O=[N+]([O-])c1cc([N+](=O)[O-])c(O)c([N+](=O)[O-])c1,0.0,False
ld50,gem31pro,v4_dolma-v1_7_llama,reproduced,"Phosphorothioic acid, O-(3-chloro-4-methyl-2-oxo-2H-1-benzopyran-7-yl) O,O-diethyl ester",CCOP(=S)(OCC)Oc1ccc2c(C)c(Cl)c(=O)oc2c1,0.0,False
ld50,gem31pro,v4_dolma-v1_7_llama,reproduced,"2,3-Naphthalenediol, 5-(3-((1,1-dimethylethyl)amino)-2-hydroxypropoxy)-1,2,3,4-tetrahydro-, cis-",CC(C)(C)NCC(O)COc1cccc2c1CC(O)C(O)C2,0.0,False
ld50,gem31pro,v4_dolma-v1_7_llama,reproduced,"2-Propenal, 3-phenyl-",O=CC=Cc1ccccc1,0.0,False
ld50,gem31pro,v4_dolma-v1_7_llama,reproduced,"Benzene, ethyl-",CCc1ccccc1,10.0,True
ld50,gem31pro,v4_dolma-v1_7_llama,reproduced,"Bicyclo(3.1.0)hexan-3-one, 4-methyl-1-(1-methylethyl)-, (1S,4R,5R)-",CC1C(=O)CC2(C(C)C)CC12,0.0,False
ld50,gem31pro,v4_dolma-v1_7_llama,reproduced,"Phosphorothioic acid, O-(4-bromo-2-chlorophenyl) O-ethyl S-propyl ester",CCCSP(=O)(OCC)Oc1ccc(Br)cc1Cl,0.0,False
ld50,gem31pro,v4_dolma-v1_7_llama,reproduced,"1,3-Benzenedimethanol, alpha(sup 1)-(((1,1-dimethylethyl)amino)methyl)-4-hydroxy-",CC(C)(C)NCC(O)c1ccc(O)c(CO)c1,0.0,False
ld50,gem31pro,v4_dolma-v1_7_llama,reproduced,"1,1-Ethanediol, 2,2,2-trichloro-",OC(O)C(Cl)(Cl)Cl,0.0,False
ld50,gem31pro,v4_dolma-v1_7_llama,reproduced,"2,3,5-Trimethylpyrazine",Cc1cnc(C)c(C)n1,0.0,False
ld50,gem31pro,v4_dolma-v1_7_llama,reproduced,"Decanoic acid, nonadecafluoro-",O=C(O)C(F)(F)C(F)(F)C(F)(F)C(F)(F)C(F)(F)C(F)(F)C(F)(F)C(F)(F)C(F)(F)F,0.0,False
ld50,gem31pro,v4_dolma-v1_7_llama,reproduced,"Valine, 3-mercapto-, D-",CC(C)(S)C(N)C(=O)O,0.0,False
ld50,gem31pro,v4_dolma-v1_7_llama,reproduced,"Quinoline, 2-methyl-",Cc1ccc2ccccc2n1,1.0,True
ld50,gem31pro,v4_dolma-v1_7_llama,reproduced,"Diazene, diphenyl-",c1ccc(N=Nc2ccccc2)cc1,0.0,False
ld50,gem31pro,v4_dolma-v1_7_llama,reproduced,"Methanesulfenyl chloride, trichloro-",ClSC(Cl)(Cl)Cl,0.0,False
ld50,gem31pro,v4_dolma-v1_7_llama,reproduced,"Bicyclo(3.1.1)hept-2-ene, 2,6,6-trimethyl-",CC1=CCC2CC1C2(C)C,0.0,False
ld50,gem31pro,v4_dolma-v1_7_llama,reproduced,"2,4(1H,3H)-Pyrimidinedione, 5-fluoro-1-(tetrahydro-2-furanyl)-",O=c1[nH]c(=O)n(C2CCCO2)cc1F,0.0,False
ld50,gem31pro,v4_dolma-v1_7_llama,reproduced,"5-Pyrimidinemethanol, alpha-(2-chlorophenyl)-alpha-(4-chlorophenyl)-",OC(c1ccc(Cl)cc1)(c1cncnc1)c1ccccc1Cl,0.0,False
ld50,gem31pro,v4_dolma-v1_7_llama,reproduced,"Propanoic acid, butyl ester",CCCCOC(=O)CC,1.0,True
ld50,gem31pro,v4_dolma-v1_7_llama,reproduced,"Guanidine, N-methyl-N'-nitro-N-nitroso-",CN(N=O)C(=N)N[N+](=O)[O-],0.0,False
ld50,gem31pro,v4_dolma-v1_7_llama,reproduced,"Benzene, ethenylmethyl-",C=Cc1cccc(C)c1,0.0,False
ld50,gem31pro,v4_dolma-v1_7_llama,reproduced,2-Imidazolidinethione,S=C1NCCN1,0.0,False
ld50,gem31pro,v4_dolma-v1_7_llama,reproduced,"Benzamide, 5-(aminosulfonyl)-N-((1-ethyl-2-pyrrolidinyl)methyl)-2-methoxy-",CCN1CCCC1CNC(=O)c1cc(S(N)(=O)=O)ccc1OC,0.0,False
ld50,gem31pro,v4_dolma-v1_7_llama,reproduced,Butanedioic acid,O=C(O)CCC(=O)O,1.0,True
ld50,gem31pro,v4_dolma-v1_7_llama,reproduced,"Phenol, 4-nitro-",O=[N+]([O-])c1ccc(O)cc1,0.0,False
ld50,gem31pro,v4_dolma-v1_7_llama,reproduced,"Ethanamine, 2-chloro-N-(2-chloroethyl)-N-methyl-",CN(CCCl)CCCl,1.0,True
ld50,gem31pro,v4_dolma-v1_7_llama,reproduced,Cyclopentene,C1=CCCC1,0.0,False
ld50,gem31pro,v4_dolma-v1_7_llama,reproduced,"Sorbitan, esters, monooctadecanoate",CCCCCCCCCCCCCCCCCC(=O)OCC(O)C1OCC(O)C1O,0.0,False
ld50,gem31pro,v4_dolma-v1_7_llama,reproduced,"Propane, 1-nitro-",CCC[N+](=O)[O-],0.0,False
ld50,gem31pro,v4_dolma-v1_7_llama,reproduced,"2H-Imidazole-2-thione, 1,3-dihydro-1-methyl-",Cn1cc[nH]c1=S,0.0,False
ld50,gem31pro,v4_dolma-v1_7_llama,reproduced,"Acetamide, 2,2-dichloro-N-(2-hydroxy-1-(hydroxymethyl)-2-(4-nitrophenyl)ethyl)-, (theta-(theta,theta))-",O=C(NC(CO)C(O)c1ccc([N+](=O)[O-])cc1)C(Cl)Cl,0.0,False
ld50,gem31pro,v4_dolma-v1_7_llama,reproduced,"Benzene, 1,2-(methylenedioxy)-4-(2-(octylsulfinyl)propyl)-",CCCCCCCCS(=O)C(C)Cc1ccc2c(c1)OCO2,0.0,False
ld50,gem31pro,v4_dolma-v1_7_llama,reproduced,"Ethane, 2-chloro-1-(difluoromethoxy)-1,1,2-trifluoro-",FC(F)OC(F)(F)C(F)Cl,0.0,False
ld50,gem31pro,v4_dolma-v1_7_llama,reproduced,"3(2H)-Benzothiazoleacetic acid, 4-chloro-2-oxo-",O=C(O)Cn1c(=O)sc2cccc(Cl)c21,0.0,False
ld50,gem31pro,v4_dolma-v1_7_llama,reproduced,"6-Chloro-N-cyclopropyl-N'-isopropyl-1,3,5-triazine-2,4-diamine",CC(C)Nc1nc(Cl)nc(NC2CC2)n1,0.0,False
ld50,gem31pro,v4_dolma-v1_7_llama,reproduced,"4H-Imidazo(1,5-a)(1,4)benzodiazepine, 8-chloro-6-(2-fluorophenyl)-1-methyl-",Cc1ncc2n1-c1ccc(Cl)cc1C(c1ccccc1F)=NC2,0.0,False
ld50,gem31pro,v4_dolma-v1_7_llama,reproduced,"Benzene, 1-methyl-3-nitro-",Cc1cccc([N+](=O)[O-])c1,0.0,False
ld50,gem31pro,v4_dolma-v1_7_llama,missed,"Phenol, 2,4,6-tri-tert-butyl- (6CI,7CI,8CI)",CC(C)(C)c1cc(C(C)(C)C)c(O)c(C(C)(C)C)c1,0.0,False
ld50,gem31pro,v4_dolma-v1_7_llama,missed,"Acetanilide, 2,4'-difluoro-",O=C(CF)Nc1ccc(F)cc1,0.0,False
ld50,gem31pro,v4_dolma-v1_7_llama,missed,"Benzenamine, 2,4-dimethyl-N-(3-methyl-2(3H)-thiazolylidene)-",Cc1ccc(N=c2sccn2C)c(C)c1,0.0,False
ld50,gem31pro,v4_dolma-v1_7_llama,missed,"1,3-Dithiolan-4-one, 5,5-dimethyl-2-((1-methylethyl)imino)-, O-((methylamino)carbonyl)oxime",CNC(=O)ON=C1SC(=NC(C)C)SC1(C)C,0.0,False
ld50,gem31pro,v4_dolma-v1_7_llama,missed,"Azelaic acid, cyclic ethylene ester",O=C1CCCCCCCC(=O)OCCO1,0.0,False
ld50,gem31pro,v4_dolma-v1_7_llama,missed,Not Available__0,CCOP(=S)(OCC)Oc1cc(C)n(CC)c(=O)c1,0.0,False
ld50,gem31pro,v4_dolma-v1_7_llama,missed,"2-Pentenedioic acid, 3-((diethoxyphosphinyl)oxy)-, dimethyl ester",CCOP(=O)(OCC)OC(=CC(=O)OC)CC(=O)OC,0.0,False
ld50,gem31pro,v4_dolma-v1_7_llama,missed,"Benzoic acid, 2-methyl-",Cc1ccccc1C(=O)O,0.0,False
ld50,gem31pro,v4_dolma-v1_7_llama,missed,"1H-1,2,4-Triazole-1-carboxamide, 3-tert-butyl-N,N-dimethyl-5-(methylthio)-",CSc1nc(C(C)(C)C)nn1C(=O)N(C)C,0.0,False
ld50,gem31pro,v4_dolma-v1_7_llama,missed,"Phosphonic acid, ((ethylthio)(phenylthio)methylene)bis-, tetraethyl ester",CCOP(=O)(OCC)C(SCC)(Sc1ccccc1)P(=O)(OCC)OCC,0.0,False
ld50,gem31pro,v4_dolma-v1_7_llama,missed,"2H-1,3,5-Thiadiazine-2-thione, tetrahydro-3,5-dimethyl-",CN1CSC(=S)N(C)C1,0.0,False
ld50,gem31pro,v4_dolma-v1_7_llama,missed,"Benzoic acid, 4-chloro-3-nitro-",O=C(O)c1ccc(Cl)c([N+](=O)[O-])c1,0.0,False
ld50,gem31pro,v4_dolma-v1_7_llama,missed,"2H-1,4-Benzodiazepin-2-one, 7-chloro-5-(2-fluorophenyl)-1,3-dihydro-1-methyl- (9CI)",CN1C(=O)CN=C(c2ccccc2F)c2cc(Cl)ccc21,0.0,False
ld50,gem31pro,v4_dolma-v1_7_llama,missed,"Phosphorothioic acid, O-(1,6-dihydro-5-methoxy-1-methyl-6-oxo-4-pyridazinyl) O-(2-methylpropyl) O-propyl ester",CCCOP(=S)(OCC(C)C)Oc1cnn(C)c(=O)c1OC,0.0,False
ld50,gem31pro,v4_dolma-v1_7_llama,missed,"Benzenamine, 2-chloro-4-nitro-",Nc1ccc([N+](=O)[O-])cc1Cl,0.0,False
ld50,gem31pro,v4_dolma-v1_7_llama,missed,"delta2-1,2,4-Triazoline, 5-imino- (8CI)",Nc1nc[nH]n1,0.0,False
ld50,gem31pro,v4_dolma-v1_7_llama,missed,"Hydroxylamine, O,N-diethyl-N-nitroso-",CCON(CC)N=O,0.0,False
ld50,gem31pro,v4_dolma-v1_7_llama,missed,"1-Piperidinebutanamide, 4-(4-chlorophenyl)-4-hydroxy-N,N-dimethyl-alpha,alpha-diphenyl-",CN(C)C(=O)C(CCN1CCC(O)(c2ccc(Cl)cc2)CC1)(c1ccccc1)c1ccccc1,0.0,False
ld50,gem31pro,v4_dolma-v1_7_llama,missed,"Phosphoric acid, diethyl 3-methyl-4-(methylsulfonyl)phenyl ester",CCOP(=O)(OCC)Oc1ccc(S(C)(=O)=O)c(C)c1,0.0,False
ld50,gem31pro,v4_dolma-v1_7_llama,missed,"Phosphonodithioic acid, chloromethyl-, S-(p-chlorophenyl) O-propyl ester",CCCOP(=S)(CCl)Sc1ccc(Cl)cc1,0.0,False
ld50,gem31pro,v4_dolma-v1_7_llama,missed,"4-Pentenamide, 2,2-diethyl-",C=CCC(CC)(CC)C(N)=O,0.0,False
ld50,gem31pro,v4_dolma-v1_7_llama,missed,"6-Octen-1-ol, 3,7-dimethyl-, formate",CC(C)=CCCC(C)CCOC=O,0.0,False
ld50,gem31pro,v4_dolma-v1_7_llama,missed,"2,6-Piperidinedione, 4-(2-(5-(acetyloxy)-3,5-dimethyl-2-oxocyclohexyl)-2-hydroxyethyl)-, (1S-(1alpha(S*),3alpha,5alpha))- (9CI)",CC(=O)OC1(C)CC(C)C(=O)C(C(O)CC2CC(=O)NC(=O)C2)C1,0.0,False
ld50,gem31pro,v4_dolma-v1_7_llama,missed,"1,3-Oxathiolan-4-one, 5,5-dimethyl-, O-((methylamino)carbonyl)oxime, syn-",CNC(=O)ON=C1SCOC1(C)C,0.0,False
ld50,gem31pro,v4_dolma-v1_7_llama,missed,2-Acetylcyclopentan-1-one,CC(=O)C1CCCC1=O,0.0,False
ld50,gem31pro,v4_dolma-v1_7_llama,missed,"Aniline, 4,4'-methylenebis(2-chloro- (8CI)",Nc1ccc(Cc2ccc(N)c(Cl)c2)cc1Cl,0.0,False
ld50,gem31pro,v4_dolma-v1_7_llama,missed,"1H-Pyrrole-2,5-dione, 1-(4-chlorophenyl)- (9CI)",O=C1C=CC(=O)N1c1ccc(Cl)cc1,0.0,False
ld50,gem31pro,v4_dolma-v1_7_llama,missed,"4-Piperidinone, 3-amino-2,2,6,6-tetramethyl-",CC1(C)CC(=O)C(N)C(C)(C)N1,0.0,False
ld50,gem31pro,v4_dolma-v1_7_llama,missed,"Benzamide, N-(3-(1,3-benzodioxol-5-yl)-1-(2-(1,3-benzodioxol-5-yl)ethyl)propyl)-4-chloro-",O=C(NC(CCc1ccc2c(c1)OCO2)CCc1ccc2c(c1)OCO2)c1ccc(Cl)cc1,0.0,False
ld50,gem31pro,v4_dolma-v1_7_llama,missed,"Silane, triethoxyoctyl-",CCCCCCCC[Si](OCC)(OCC)OCC,0.0,False
ld50,gem31pro,v4_dolma-v1_7_llama,missed,"4H-Pyrido(1,2-a)pyrimidine-3-carboxylic acid, 1,6,7,8,9,9a-hexahydro-1-acetyl-6-methyl-4-oxo-, ethyl ester",CCOC(=O)C1=CN(C(C)=O)C2CCCC(C)N2C1=O,0.0,False
ld50,gem31pro,v4_dolma-v1_7_llama,missed,"Sulfurous acid, 1-((p-tert-pentylphenoxy)methyl)propyl 2-propynyl ester",C#CCOS(=O)OC(CC)COc1ccc(C(C)(C)CC)cc1,0.0,False
ld50,gem31pro,v4_dolma-v1_7_llama,missed,"Styrene, alpha-chloro-p-nitro-",C=C(Cl)c1ccc([N+](=O)[O-])cc1,,False
ld50,gem31pro,v4_dolma-v1_7_llama,missed,"6H-Pyrido(2,3-b)(1,4)benzodiazepin-6-one, 11-((2-((diethylamino)methyl)-1-piperidinyl)acetyl)-5,11-dihydro-",CCN(CC)CC1CCCCN1CC(=O)N1c2ccccc2C(=O)Nc2cccnc21,,False
ld50,gem31pro,v4_dolma-v1_7_llama,missed,"1-Triazene, 1-methyl-3-(4-nitrophenyl)- (9CI)",CN=NNc1ccc([N+](=O)[O-])cc1,0.0,False
ld50,gem31pro,v4_dolma-v1_7_llama,missed,"Ethene, (2-methoxyethoxy)- (9CI)",C=COCCOC,0.0,False
ld50,gem31pro,v4_dolma-v1_7_llama,missed,"1,3-Propanediol, 2,2-bis((nitrooxy)methyl)-, dinitrate (ester)",O=[N+]([O-])OCC(CO[N+](=O)[O-])(CO[N+](=O)[O-])CO[N+](=O)[O-],0.0,False
ld50,gem31pro,v4_dolma-v1_7_llama,missed,"5-Thiazoleacetic acid, 4-(4-chlorophenyl)-2-phenyl-",O=C(O)Cc1sc(-c2ccccc2)nc1-c1ccc(Cl)cc1,0.0,False
ld50,gem31pro,v4_dolma-v1_7_llama,missed,"Pyrimidine, 3,4,5,6-tetrahydro-2-(alpha-propoxybenzyl)-",CCCOC(C1=NCCCN1)c1ccccc1,0.0,False
ld50,gem31pro,v4_dolma-v1_7_llama,missed,"Piperazine, 1,4-bis(3-bromo-1-oxopropyl)-",O=C(CCBr)N1CCN(C(=O)CCBr)CC1,0.0,False
ld50,gem31pro,v4_dolma-v1_7_llama,missed,"Phosphorodithioic acid, O,O-diethyl S-(2-((methylcarbamoyl)methylthio)ethyl) ester",CCOP(=S)(OCC)SCCSCC(=O)NC,0.0,False
ld50,gem31pro,v4_dolma-v1_7_llama,missed,"Phosphorothioic acid, O-(2,3-dihydro-5-methoxy-2-methyl-3-oxo-4-pyridazinyl) O-ethyl O-(1-methylethyl) ester",CCOP(=S)(Oc1c(OC)cnn(C)c1=O)OC(C)C,0.0,False
ld50,gem31pro,v4_dolma-v1_7_llama,missed,"1-Phthalazinamine, 4-phenyl-N-propyl-",CCCNc1nnc(-c2ccccc2)c2ccccc12,0.0,False
ld50,gem31pro,v4_dolma-v1_7_llama,missed,"Phosphonous dichloride, phenyl-",ClP(Cl)c1ccccc1,0.0,False
ld50,gem31pro,v4_dolma-v1_7_llama,missed,"Phosphorothioic acid, O,O-dimethyl S-(p-nitrophenyl) ester",COP(=O)(OC)Sc1ccc([N+](=O)[O-])cc1,0.0,False
ld50,gem31pro,v4_dolma-v1_7_llama,missed,"2-Propanamine, N,N-dichloro-2-methyl-",CC(C)(C)N(Cl)Cl,0.0,False
ld50,gem31pro,v4_dolma-v1_7_llama,missed,"Morpholine, 4-(thioxo(3,4,5-trimethoxyphenyl)methyl)- (9CI)",COc1cc(C(=S)N2CCOCC2)cc(OC)c1OC,0.0,False
ld50,gem31pro,v4_dolma-v1_7_llama,missed,"9-Acridinamine, 1,2,3,4-tetrahydro-7-methoxy- (9CI)",COc1ccc2nc3c(c(N)c2c1)CCCC3,0.0,False
ld50,gem31pro,v4_dolma-v1_7_llama,missed,"2-Furancarbamic acid, propyl ester",CCCOC(=O)Nc1ccco1,0.0,False
ld50,gem31pro,v4_dolma-v1_7_llama,missed,"Phosphorous acid, triisooctyl ester",CC(C)CCCCCOP(OCCCCCC(C)C)OCCCCCC(C)C,0.0,False
ld50,gem31pro,v4_dolma-v1_7_llama,missed,"1-Propanol, 2,3-epoxy-, benzoate (7CI,8CI)",O=C(OCC1CO1)c1ccccc1,0.0,False
ld50,gem31pro,v4_dolma-v1_7_llama,missed,"1H-Azepine-1-carbothioic acid, hexahydro-, S-ethyl ester",CCSC(=O)N1CCCCCC1,0.0,False
ld50,gem31pro,v4_dolma-v1_7_llama,missed,"2,3,5,6-Tetramethylpyrazine",Cc1nc(C)c(C)nc1C,0.0,False
ld50,gem31pro,v4_dolma-v1_7_llama,missed,"Carbamic acid, propyl ester",CCCOC(N)=O,0.0,False
ld50,gem31pro,v4_dolma-v1_7_llama,missed,"1H-Pyrazole-5-carboxamide, 4-chloro-N-((4-(1,1-dimethylethyl)phenyl)methyl)-3-ethyl-1-methyl-",CCc1nn(C)c(C(=O)NCc2ccc(C(C)(C)C)cc2)c1Cl,0.0,False
ld50,gem31pro,v4_dolma-v1_7_llama,missed,"1,3-Propanediol, dibenzoate",O=C(OCCCOC(=O)c1ccccc1)c1ccccc1,0.0,False
ld50,gem31pro,v4_dolma-v1_7_llama,missed,"1H-(1,2,4)Triazolo(3,4-c)(1,4)benzoxazin-1-one, 2,4-dihydro-6,8-dinitro-",O=c1[nH]nc2n1-c1cc([N+](=O)[O-])cc([N+](=O)[O-])c1OC2,0.0,False
ld50,gem31pro,v4_dolma-v1_7_llama,missed,"(1)-alpha,alpha,4-Trimethylcyclohex-3-ene-1-methanol",CC1=CCC(C(C)(C)O)CC1,0.0,False
ld50,gem31pro,v4_dolma-v1_7_llama,missed,"Hexanoic acid, 2-ethyl-, 1-oxo-2-(2,4,6-trimethylphenyl)-1H-inden-3-yl ester",CCCCC(CC)C(=O)OC1=C(c2c(C)cc(C)cc2C)C(=O)c2ccccc21,0.0,False
ld50,gem31pro,v4_dolma-v1_7_llama,missed,"Phosphorothioic acid, O-(1,6-dihydro-5-methoxy-1-methyl-6-oxo-4-pyridazinyl) O-ethylO-(2-methylpropyl) ester",CCOP(=S)(OCC(C)C)Oc1cnn(C)c(=O)c1OC,0.0,False
ld50,gem31pro,v4_dolma-v1_7_llama,missed,"Phosphorodithioic acid, O,O-diethyl ester, S-ester with mercaptophenyl acetonitrile (8CI)",CCOP(=S)(OCC)SC(C#N)c1ccccc1,0.0,False
ld50,gem31pro,v4_dolma-v1_7_llama,missed,"2-Pyridinemethanamine, N-phenyl-N-(2-(1-piperidinyl)ethyl)- (9CI)",c1ccc(N(CCN2CCCCC2)Cc2ccccn2)cc1,0.0,False
ld50,gem31pro,v4_dolma-v1_7_llama,missed,"2-Propenethioic acid, 3-phenyl-, O-ethyl ester",CCc1ccccc1C=CC(O)=S,0.0,False
ld50,gem31pro,v4_dolma-v1_7_llama,missed,"Benzenesulfonyl chloride, 2-methyl-5-nitro- (9CI)",Cc1ccc([N+](=O)[O-])cc1S(=O)(=O)Cl,0.0,False
ld50,gem31pro,v4_dolma-v1_7_llama,missed,"Morpholine, 4-(3-methyl-1-oxo-4-phenyl-3-butenyl)-",CC(=Cc1ccccc1)CC(=O)N1CCOCC1,0.0,False
ld50,gem31pro,v4_dolma-v1_7_llama,missed,"Benzeneacetic acid, 4-(2-methylpropyl)-",CC(C)Cc1ccc(CC(=O)O)cc1,0.0,False
ld50,gem31pro,v4_dolma-v1_7_llama,missed,"4,7-Methanoisobenzofuran-5(3H)-one, 1,3,4,6,7,8,8-heptachlorohexahydro-",O=C1C(Cl)C2(Cl)C3C(Cl)OC(Cl)C3C1(Cl)C2(Cl)Cl,0.0,False
ld50,gem31pro,v4_dolma-v1_7_llama,missed,"(1,1'-Biphenyl)-4-carbonitrile, 4'-octyl-",CCCCCCCCc1ccc(-c2ccc(C#N)cc2)cc1,0.0,False
ld50,gem31pro,v4_dolma-v1_7_llama,missed,"Maleic acid, mono(2-hydroxypropyl) ester",CC(O)COC(=O)C=CC(=O)O,0.0,False
ld50,gem31pro,v4_dolma-v1_7_llama,missed,"1,5-Pentanediol, 2,2,3,3,4,4-hexafluoro-",OCC(F)(F)C(F)(F)C(F)(F)CO,0.0,False
ld50,gem31pro,v4_dolma-v1_7_llama,missed,"2-Benzoxazolamine, 6-bromo- (9CI)",Nc1nc2ccc(Br)cc2o1,0.0,False
ld50,gem31pro,v4_dolma-v1_7_llama,missed,"Carbamic acid, (3-chlorophenyl)-, 1-methylethyl ester (9CI)",CC(C)OC(=O)Nc1cccc(Cl)c1,0.0,False
ld50,gem31pro,v4_dolma-v1_7_llama,missed,"Imidocarbonic acid, phosphonodithio-, cyclic methylene P,P-diethyl ester",CCOP(=O)(N=C1SCS1)OCC,0.0,False
ld50,gem31pro,v4_dolma-v1_7_llama,missed,"Phosphorothioic acid, O,O-diethyl O-(3,5,6-trichloro-2-pyridinyl) ester",CCOP(=S)(OCC)Oc1nc(Cl)c(Cl)cc1Cl,0.0,False
ld50,gem31pro,v4_dolma-v1_7_llama,missed,"Pyrrolidine, 2-methyl-1-(1-oxo-2,2-diphenylbutyl)- (9CI)",CCC(C(=O)N1CCCC1C)(c1ccccc1)c1ccccc1,0.0,False
ld50,gem31pro,v4_dolma-v1_7_llama,missed,"4(3H)-Quinazolinone, 6-amino-2-methyl-3-(o-tolyl)-",Cc1ccccc1-n1c(C)nc2ccc(N)cc2c1=O,0.0,False
ld50,gem31pro,v4_dolma-v1_7_llama,missed,"5,9-Methanocycloocta(b)pyridin-2(1H)-one, 5-amino-11-ethylidene-5,6,9,10-tetrahydro-7-methyl-, (5R-(5-alpha,9-beta,11E))-",CC=C1C2C=C(C)CC1(N)c1ccc(=O)[nH]c1C2,0.0,False
ld50,gem31pro,v4_dolma-v1_7_llama,missed,"2(1H)-Pyrimidinone, tetrahydro-1-((3,4-dichlorophenyl)methyl)-",O=C1NCCCN1Cc1ccc(Cl)c(Cl)c1,0.0,False
ld50,gem31pro,v4_dolma-v1_7_llama,missed,"Carbonochloridic acid, 1-methylethyl ester",CC(C)OC(=O)Cl,0.0,False
ld50,gem31pro,v4_dolma-v1_7_llama,missed,Tris(2-chloro-1-(chloromethyl)ethyl) phosphate,O=P(OC(CCl)CCl)(OC(CCl)CCl)OC(CCl)CCl,0.0,False
